<?xml version='1.0' encoding='UTF-8' standalone='yes' ?>
<hierarchy index="0" class="hierarchy" rotation="0" width="1440" height="3036">
  <android.widget.FrameLayout index="0" package="com.fermax" class="android.widget.FrameLayout" text="" checkable="false" checked="false" clickable="false" enabled="true" focusable="false" focused="false" long-clickable="false" password="false" scrollable="false" selected="false" bounds="[0,0][1440,3036]" displayed="true">
    <android.widget.LinearLayout index="0" package="com.fermax" class="android.widget.LinearLayout" text="" checkable="false" checked="false" clickable="false" enabled="true" focusable="false" focused="false" long-clickable="false" password="false" scrollable="false" selected="false" bounds="[0,0][1440,3036]" displayed="true">
      <android.widget.FrameLayout index="0" package="com.fermax" class="android.widget.FrameLayout" text="" checkable="false" checked="false" clickable="false" enabled="true" focusable="false" focused="false" long-clickable="false" password="false" scrollable="false" selected="false" bounds="[0,84][1440,3036]" displayed="true">
        <android.widget.LinearLayout index="0" package="com.fermax" class="android.widget.LinearLayout" text="" resource-id="com.fermax:id/action_bar_root" checkable="false" checked="false" clickable="false" enabled="true" focusable="false" focused="false" long-clickable="false" password="false" scrollable="false" selected="false" bounds="[0,84][1440,3036]" displayed="true">
          <android.widget.FrameLayout index="0" package="com.fermax" class="android.widget.FrameLayout" text="" resource-id="android:id/content" checkable="false" checked="false" clickable="false" enabled="true" focusable="false" focused="false" long-clickable="false" password="false" scrollable="false" selected="false" bounds="[0,84][1440,3036]" displayed="true">
            <android.widget.LinearLayout index="0" package="com.fermax" class="android.widget.LinearLayout" text="" checkable="false" checked="false" clickable="false" enabled="true" focusable="false" focused="false" long-clickable="false" password="false" scrollable="false" selected="false" bounds="[0,84][1440,3036]" displayed="true">
              <android.widget.FrameLayout index="0" package="com.fermax" class="android.widget.FrameLayout" text="" resource-id="com.fermax:id/fmToolBar" checkable="false" checked="false" clickable="false" enabled="true" focusable="false" focused="false" long-clickable="false" password="false" scrollable="false" selected="false" bounds="[0,84][1440,281]" displayed="true">
                <android.widget.LinearLayout index="0" package="com.fermax" class="android.widget.LinearLayout" text="" checkable="false" checked="false" clickable="false" enabled="true" focusable="false" focused="false" long-clickable="false" password="false" scrollable="false" selected="false" bounds="[0,84][1440,281]" displayed="true">
                  <android.view.ViewGroup index="0" package="com.fermax" class="android.view.ViewGroup" text="" resource-id="com.fermax:id/customToolbar" checkable="false" checked="false" clickable="false" enabled="true" focusable="false" focused="false" long-clickable="false" password="false" scrollable="false" selected="false" bounds="[0,84][1440,280]" displayed="true">
                    <android.widget.ImageButton index="0" package="com.fermax" class="android.widget.ImageButton" text="" content-desc="Navigate up" checkable="false" checked="false" clickable="true" enabled="true" focusable="true" focused="false" long-clickable="false" password="false" scrollable="false" selected="false" bounds="[0,84][196,280]" displayed="true" />
                  </android.view.ViewGroup>
                  <android.view.View index="1" package="com.fermax" class="android.view.View" text="" resource-id="com.fermax:id/toolbar_line" checkable="false" checked="false" clickable="false" enabled="true" focusable="false" focused="false" long-clickable="false" password="false" scrollable="false" selected="false" bounds="[0,280][1440,281]" displayed="true" />
                </android.widget.LinearLayout>
                <android.widget.RelativeLayout index="1" package="com.fermax" class="android.widget.RelativeLayout" text="" checkable="false" checked="false" clickable="false" enabled="true" focusable="false" focused="false" long-clickable="false" password="false" scrollable="false" selected="false" bounds="[154,156][1286,209]" displayed="true">
                  <android.widget.TextView index="0" package="com.fermax" class="android.widget.TextView" text="FACILITIES" resource-id="com.fermax:id/tvTitle" checkable="false" checked="false" clickable="false" enabled="true" focusable="false" focused="false" long-clickable="false" password="false" scrollable="false" selected="false" bounds="[154,156][1286,209]" displayed="true" />
                </android.widget.RelativeLayout>
              </android.widget.FrameLayout>
              <android.view.ViewGroup index="1" package="com.fermax" class="android.view.ViewGroup" text="" resource-id="com.fermax:id/srlAmenity" checkable="false" checked="false" clickable="false" enabled="true" focusable="false" focused="false" long-clickable="false" password="false" scrollable="false" selected="false" bounds="[0,281][1440,2812]" displayed="true">
                <android.widget.ListView index="0" package="com.fermax" class="android.widget.ListView" text="" resource-id="com.fermax:id/lvListAmenities" checkable="false" checked="false" clickable="false" enabled="true" focusable="true" focused="false" long-clickable="false" password="false" scrollable="true" selected="false" bounds="[0,281][1440,2812]" displayed="true">
                  <android.widget.RelativeLayout index="0" package="com.fermax" class="android.widget.RelativeLayout" text="" checkable="false" checked="false" clickable="true" enabled="true" focusable="false" focused="false" long-clickable="false" password="false" scrollable="false" selected="false" bounds="[0,281][1440,1090]" displayed="true">
                    <android.widget.ImageView index="0" package="com.fermax" class="android.widget.ImageView" text="" resource-id="com.fermax:id/ivAmenitietsImageHolder" checkable="false" checked="false" clickable="false" enabled="true" focusable="false" focused="false" long-clickable="false" password="false" scrollable="false" selected="false" bounds="[0,281][1440,1090]" displayed="true" />
                    <android.widget.LinearLayout index="1" package="com.fermax" class="android.widget.LinearLayout" text="" checkable="false" checked="false" clickable="false" enabled="true" focusable="false" focused="false" long-clickable="false" password="false" scrollable="false" selected="false" bounds="[0,892][1440,1090]" displayed="true">
                      <android.widget.LinearLayout index="0" package="com.fermax" class="android.widget.LinearLayout" text="" checkable="false" checked="false" clickable="false" enabled="true" focusable="false" focused="false" long-clickable="false" password="false" scrollable="false" selected="false" bounds="[0,892][1092,1090]" displayed="true">
                        <android.widget.LinearLayout index="0" package="com.fermax" class="android.widget.LinearLayout" text="" checkable="false" checked="false" clickable="false" enabled="true" focusable="false" focused="false" long-clickable="false" password="false" scrollable="false" selected="false" bounds="[28,920][575,997]" displayed="true">
                          <android.widget.TextView index="0" package="com.fermax" class="android.widget.TextView" text="Function Room" resource-id="com.fermax:id/tvAmenitiesTitle" checkable="false" checked="false" clickable="false" enabled="true" focusable="false" focused="false" long-clickable="false" password="false" scrollable="false" selected="false" bounds="[28,920][463,987]" displayed="true" />
                          <android.widget.ImageView index="1" package="com.fermax" class="android.widget.ImageView" text="" content-desc="TODO" resource-id="com.fermax:id/ivWalletToolTip" checkable="false" checked="false" clickable="false" enabled="true" focusable="false" focused="false" long-clickable="false" password="false" scrollable="false" selected="false" bounds="[498,920][575,997]" displayed="true" />
                        </android.widget.LinearLayout>
                        <android.widget.TextView index="1" package="com.fermax" class="android.widget.TextView" text="Max capacity 20 pax." resource-id="com.fermax:id/tvAmenitiesDetails" checkable="false" checked="false" clickable="false" enabled="true" focusable="false" focused="false" long-clickable="false" password="false" scrollable="false" selected="false" bounds="[28,1004][538,1062]" displayed="true" />
                      </android.widget.LinearLayout>
                      <android.widget.Button index="1" package="com.fermax" class="android.widget.Button" text="BOOK" resource-id="com.fermax:id/btnBook" checkable="false" checked="false" clickable="true" enabled="true" focusable="false" focused="false" long-clickable="false" password="false" scrollable="false" selected="false" bounds="[1180,921][1422,1061]" displayed="true" />
                    </android.widget.LinearLayout>
                  </android.widget.RelativeLayout>
                  <android.widget.RelativeLayout index="1" package="com.fermax" class="android.widget.RelativeLayout" text="" checkable="false" checked="false" clickable="true" enabled="true" focusable="false" focused="false" long-clickable="false" password="false" scrollable="false" selected="false" bounds="[0,1097][1440,1906]" displayed="true">
                    <android.widget.ImageView index="0" package="com.fermax" class="android.widget.ImageView" text="" resource-id="com.fermax:id/ivAmenitietsImageHolder" checkable="false" checked="false" clickable="false" enabled="true" focusable="false" focused="false" long-clickable="false" password="false" scrollable="false" selected="false" bounds="[0,1097][1440,1906]" displayed="true" />
                    <android.widget.LinearLayout index="1" package="com.fermax" class="android.widget.LinearLayout" text="" checkable="false" checked="false" clickable="false" enabled="true" focusable="false" focused="false" long-clickable="false" password="false" scrollable="false" selected="false" bounds="[0,1710][1440,1906]" displayed="true">
                      <android.widget.LinearLayout index="0" package="com.fermax" class="android.widget.LinearLayout" text="" checkable="false" checked="false" clickable="false" enabled="true" focusable="false" focused="false" long-clickable="false" password="false" scrollable="false" selected="false" bounds="[0,1741][1092,1874]" displayed="true">
                        <android.widget.LinearLayout index="0" package="com.fermax" class="android.widget.LinearLayout" text="" checkable="false" checked="false" clickable="false" enabled="true" focusable="false" focused="false" long-clickable="false" password="false" scrollable="false" selected="false" bounds="[28,1769][734,1846]" displayed="true">
                          <android.widget.TextView index="0" package="com.fermax" class="android.widget.TextView" text="Multi Purpose Room 1" resource-id="com.fermax:id/tvAmenitiesTitle" checkable="false" checked="false" clickable="false" enabled="true" focusable="false" focused="false" long-clickable="false" password="false" scrollable="false" selected="false" bounds="[28,1769][622,1836]" displayed="true" />
                          <android.widget.ImageView index="1" package="com.fermax" class="android.widget.ImageView" text="" content-desc="TODO" resource-id="com.fermax:id/ivWalletToolTip" checkable="false" checked="false" clickable="false" enabled="true" focusable="false" focused="false" long-clickable="false" password="false" scrollable="false" selected="false" bounds="[657,1769][734,1846]" displayed="true" />
                        </android.widget.LinearLayout>
                      </android.widget.LinearLayout>
                      <android.widget.Button index="1" package="com.fermax" class="android.widget.Button" text="BOOK" resource-id="com.fermax:id/btnBook" checkable="false" checked="false" clickable="true" enabled="true" focusable="false" focused="false" long-clickable="false" password="false" scrollable="false" selected="false" bounds="[1180,1738][1422,1878]" displayed="true" />
                    </android.widget.LinearLayout>
                  </android.widget.RelativeLayout>
                  <android.widget.RelativeLayout index="2" package="com.fermax" class="android.widget.RelativeLayout" text="" checkable="false" checked="false" clickable="true" enabled="true" focusable="false" focused="false" long-clickable="false" password="false" scrollable="false" selected="false" bounds="[0,1913][1440,2722]" displayed="true">
                    <android.widget.ImageView index="0" package="com.fermax" class="android.widget.ImageView" text="" resource-id="com.fermax:id/ivAmenitietsImageHolder" checkable="false" checked="false" clickable="false" enabled="true" focusable="false" focused="false" long-clickable="false" password="false" scrollable="false" selected="false" bounds="[0,1913][1440,2722]" displayed="true" />
                    <android.widget.LinearLayout index="1" package="com.fermax" class="android.widget.LinearLayout" text="" checkable="false" checked="false" clickable="false" enabled="true" focusable="false" focused="false" long-clickable="false" password="false" scrollable="false" selected="false" bounds="[0,2524][1440,2722]" displayed="true">
                      <android.widget.LinearLayout index="0" package="com.fermax" class="android.widget.LinearLayout" text="" checkable="false" checked="false" clickable="false" enabled="true" focusable="false" focused="false" long-clickable="false" password="false" scrollable="false" selected="false" bounds="[0,2524][1092,2722]" displayed="true">
                        <android.widget.LinearLayout index="0" package="com.fermax" class="android.widget.LinearLayout" text="" checkable="false" checked="false" clickable="false" enabled="true" focusable="false" focused="false" long-clickable="false" password="false" scrollable="false" selected="false" bounds="[28,2552][445,2629]" displayed="true">
                          <android.widget.TextView index="0" package="com.fermax" class="android.widget.TextView" text="Kid's Club" resource-id="com.fermax:id/tvAmenitiesTitle" checkable="false" checked="false" clickable="false" enabled="true" focusable="false" focused="false" long-clickable="false" password="false" scrollable="false" selected="false" bounds="[28,2552][333,2619]" displayed="true" />
                          <android.widget.ImageView index="1" package="com.fermax" class="android.widget.ImageView" text="" content-desc="TODO" resource-id="com.fermax:id/ivWalletToolTip" checkable="false" checked="false" clickable="false" enabled="true" focusable="false" focused="false" long-clickable="false" password="false" scrollable="false" selected="false" bounds="[368,2552][445,2629]" displayed="true" />
                        </android.widget.LinearLayout>
                        <android.widget.TextView index="1" package="com.fermax" class="android.widget.TextView" text="Max capacity 20 pax." resource-id="com.fermax:id/tvAmenitiesDetails" checkable="false" checked="false" clickable="false" enabled="true" focusable="false" focused="false" long-clickable="false" password="false" scrollable="false" selected="false" bounds="[28,2636][538,2694]" displayed="true" />
                      </android.widget.LinearLayout>
                      <android.widget.Button index="1" package="com.fermax" class="android.widget.Button" text="BOOK" resource-id="com.fermax:id/btnBook" checkable="false" checked="false" clickable="true" enabled="true" focusable="false" focused="false" long-clickable="false" password="false" scrollable="false" selected="false" bounds="[1180,2553][1422,2693]" displayed="true" />
                    </android.widget.LinearLayout>
                  </android.widget.RelativeLayout>
                  <android.widget.RelativeLayout index="3" package="com.fermax" class="android.widget.RelativeLayout" text="" checkable="false" checked="false" clickable="true" enabled="true" focusable="false" focused="false" long-clickable="false" password="false" scrollable="false" selected="false" bounds="[0,2729][1440,2812]" displayed="true">
                    <android.widget.ImageView index="0" package="com.fermax" class="android.widget.ImageView" text="" resource-id="com.fermax:id/ivAmenitietsImageHolder" checkable="false" checked="false" clickable="false" enabled="true" focusable="false" focused="false" long-clickable="false" password="false" scrollable="false" selected="false" bounds="[0,2729][1440,2812]" displayed="true" />
                  </android.widget.RelativeLayout>
                </android.widget.ListView>
              </android.view.ViewGroup>
              <android.widget.LinearLayout index="2" package="com.fermax" class="android.widget.LinearLayout" text="" resource-id="com.fermax:id/llBtmFrm" checkable="false" checked="false" clickable="false" enabled="true" focusable="false" focused="false" long-clickable="false" password="false" scrollable="false" selected="false" bounds="[0,2812][1440,3036]" displayed="true">
                <android.widget.Button index="0" package="com.fermax" class="android.widget.Button" text="BOOKING HISTORY" resource-id="com.fermax:id/btnViewBookings" checkable="false" checked="false" clickable="true" enabled="true" focusable="true" focused="false" long-clickable="false" password="false" scrollable="false" selected="false" bounds="[182,2854][1258,2994]" displayed="true" />
              </android.widget.LinearLayout>
            </android.widget.LinearLayout>
          </android.widget.FrameLayout>
        </android.widget.LinearLayout>
      </android.widget.FrameLayout>
    </android.widget.LinearLayout>
    <android.view.View index="2" package="com.fermax" class="android.view.View" text="" resource-id="android:id/navigationBarBackground" checkable="false" checked="false" clickable="false" enabled="true" focusable="false" focused="false" long-clickable="false" password="false" scrollable="false" selected="false" bounds="[0,3036][1440,3120]" displayed="true" />
  </android.widget.FrameLayout>
</hierarchy>