<?xml version='1.0' encoding='UTF-8' standalone='yes' ?>
<hierarchy index="0" class="hierarchy" rotation="0" width="1440" height="3036">
  <android.widget.FrameLayout index="0" package="com.fermax" class="android.widget.FrameLayout" text="" checkable="false" checked="false" clickable="false" enabled="true" focusable="false" focused="false" long-clickable="false" password="false" scrollable="false" selected="false" bounds="[0,0][1440,3036]" displayed="true">
    <android.widget.RelativeLayout index="0" package="com.fermax" class="android.widget.RelativeLayout" text="" checkable="false" checked="false" clickable="false" enabled="true" focusable="false" focused="false" long-clickable="false" password="false" scrollable="false" selected="false" bounds="[0,0][1440,3036]" displayed="true">
      <android.view.ViewGroup index="0" package="com.fermax" class="android.view.ViewGroup" text="" checkable="false" checked="false" clickable="false" enabled="true" focusable="true" focused="false" long-clickable="false" password="false" scrollable="false" selected="false" bounds="[0,84][1440,3036]" displayed="true">
        <android.widget.LinearLayout index="0" package="com.fermax" class="android.widget.LinearLayout" text="" checkable="false" checked="false" clickable="false" enabled="true" focusable="false" focused="false" long-clickable="false" password="false" scrollable="false" selected="false" bounds="[0,84][1440,3036]" displayed="true">
          <android.widget.FrameLayout index="0" package="com.fermax" class="android.widget.FrameLayout" text="" checkable="false" checked="false" clickable="false" enabled="true" focusable="false" focused="false" long-clickable="false" password="false" scrollable="false" selected="false" bounds="[0,84][1440,3036]" displayed="true">
            <android.widget.LinearLayout index="0" package="com.fermax" class="android.widget.LinearLayout" text="" resource-id="com.fermax:id/action_bar_root" checkable="false" checked="false" clickable="false" enabled="true" focusable="false" focused="false" long-clickable="false" password="false" scrollable="false" selected="false" bounds="[0,84][1440,3036]" displayed="true">
              <android.widget.FrameLayout index="0" package="com.fermax" class="android.widget.FrameLayout" text="" resource-id="android:id/content" checkable="false" checked="false" clickable="false" enabled="true" focusable="false" focused="false" long-clickable="false" password="false" scrollable="false" selected="false" bounds="[0,84][1440,3036]" displayed="true">
                <android.widget.LinearLayout index="0" package="com.fermax" class="android.widget.LinearLayout" text="" checkable="false" checked="false" clickable="false" enabled="true" focusable="false" focused="false" long-clickable="false" password="false" scrollable="false" selected="false" bounds="[0,84][1440,3036]" displayed="true">
                  <android.widget.FrameLayout index="0" package="com.fermax" class="android.widget.FrameLayout" text="" checkable="false" checked="false" clickable="false" enabled="true" focusable="false" focused="false" long-clickable="false" password="false" scrollable="false" selected="false" bounds="[0,84][1440,281]" displayed="true">
                    <android.widget.FrameLayout index="0" package="com.fermax" class="android.widget.FrameLayout" text="" resource-id="com.fermax:id/toolbar" checkable="false" checked="false" clickable="false" enabled="true" focusable="false" focused="false" long-clickable="false" password="false" scrollable="false" selected="false" bounds="[0,84][1440,281]" displayed="true">
                      <android.widget.LinearLayout index="0" package="com.fermax" class="android.widget.LinearLayout" text="" checkable="false" checked="false" clickable="false" enabled="true" focusable="false" focused="false" long-clickable="false" password="false" scrollable="false" selected="false" bounds="[0,84][1440,281]" displayed="true">
                        <android.view.ViewGroup index="0" package="com.fermax" class="android.view.ViewGroup" text="" resource-id="com.fermax:id/customToolbar" checkable="false" checked="false" clickable="false" enabled="true" focusable="false" focused="false" long-clickable="false" password="false" scrollable="false" selected="false" bounds="[0,84][1440,280]" displayed="true">
                          <android.widget.ImageButton index="0" package="com.fermax" class="android.widget.ImageButton" text="" content-desc="Navigate up" checkable="false" checked="false" clickable="true" enabled="true" focusable="true" focused="false" long-clickable="false" password="false" scrollable="false" selected="false" bounds="[0,84][196,280]" displayed="true" />
                          <android.widget.TextView index="1" package="com.fermax" class="android.widget.TextView" text="" checkable="false" checked="false" clickable="false" enabled="true" focusable="false" focused="false" long-clickable="false" password="false" scrollable="false" selected="false" bounds="[692,150][748,213]" displayed="true" />
                        </android.view.ViewGroup>
                        <android.view.View index="1" package="com.fermax" class="android.view.View" text="" resource-id="com.fermax:id/toolbar_line" checkable="false" checked="false" clickable="false" enabled="true" focusable="false" focused="false" long-clickable="false" password="false" scrollable="false" selected="false" bounds="[0,280][1440,281]" displayed="true" />
                      </android.widget.LinearLayout>
                      <android.widget.RelativeLayout index="1" package="com.fermax" class="android.widget.RelativeLayout" text="" checkable="false" checked="false" clickable="false" enabled="true" focusable="false" focused="false" long-clickable="false" password="false" scrollable="false" selected="false" bounds="[154,156][1286,209]" displayed="true">
                        <android.widget.TextView index="0" package="com.fermax" class="android.widget.TextView" text="" resource-id="com.fermax:id/tvTitle" checkable="false" checked="false" clickable="false" enabled="true" focusable="false" focused="false" long-clickable="false" password="false" scrollable="false" selected="false" bounds="[154,156][1286,209]" displayed="true" />
                      </android.widget.RelativeLayout>
                    </android.widget.FrameLayout>
                    <android.widget.ImageView index="1" package="com.fermax" class="android.widget.ImageView" text="" resource-id="com.fermax:id/imvLogo" checkable="false" checked="false" clickable="false" enabled="true" focusable="false" focused="false" long-clickable="false" password="false" scrollable="false" selected="false" bounds="[0,112][1440,252]" displayed="true" />
                    <android.widget.FrameLayout index="2" package="com.fermax" class="android.widget.FrameLayout" text="" resource-id="com.fermax:id/fmAlert" checkable="false" checked="false" clickable="true" enabled="true" focusable="true" focused="false" long-clickable="false" password="false" scrollable="false" selected="false" bounds="[1265,112][1405,252]" displayed="true">
                      <android.widget.ImageView index="0" package="com.fermax" class="android.widget.ImageView" text="" checkable="false" checked="false" clickable="false" enabled="true" focusable="false" focused="false" long-clickable="false" password="false" scrollable="false" selected="false" bounds="[1265,112][1405,252]" displayed="true" />
                      <android.widget.TextView index="1" package="com.fermax" class="android.widget.TextView" text="73" resource-id="com.fermax:id/tvCount" checkable="false" checked="false" clickable="false" enabled="true" focusable="false" focused="false" long-clickable="false" password="false" scrollable="false" selected="false" bounds="[1312,112][1405,161]" displayed="true" />
                    </android.widget.FrameLayout>
                  </android.widget.FrameLayout>
                  <android.widget.ScrollView index="1" package="com.fermax" class="android.widget.ScrollView" text="" checkable="false" checked="false" clickable="false" enabled="true" focusable="true" focused="false" long-clickable="false" password="false" scrollable="true" selected="false" bounds="[0,281][1440,3036]" displayed="true">
                    <android.widget.RelativeLayout index="0" package="com.fermax" class="android.widget.RelativeLayout" text="" checkable="false" checked="false" clickable="false" enabled="true" focusable="false" focused="false" long-clickable="false" password="false" scrollable="false" selected="false" bounds="[0,281][1440,3036]" displayed="true">
                      <android.widget.FrameLayout index="0" package="com.fermax" class="android.widget.FrameLayout" text="" resource-id="com.fermax:id/llViewPager" checkable="false" checked="false" clickable="false" enabled="true" focusable="false" focused="false" long-clickable="false" password="false" scrollable="false" selected="false" bounds="[0,281][1440,1411]" displayed="true">
                        <android.widget.FrameLayout index="0" package="com.fermax" class="android.widget.FrameLayout" text="" resource-id="com.fermax:id/flTopEventPager" checkable="false" checked="false" clickable="false" enabled="true" focusable="false" focused="false" long-clickable="false" password="false" scrollable="false" selected="false" bounds="[0,281][1440,1411]" displayed="true">
                          <androidx.viewpager.widget.ViewPager index="0" package="com.fermax" class="androidx.viewpager.widget.ViewPager" text="" resource-id="com.fermax:id/vpEventPager" checkable="false" checked="false" clickable="false" enabled="true" focusable="true" focused="false" long-clickable="false" password="false" scrollable="true" selected="false" bounds="[0,281][1440,1411]" displayed="true">
                            <android.widget.ImageView index="1" package="com.fermax" class="android.widget.ImageView" text="" resource-id="com.fermax:id/imageView" checkable="false" checked="false" clickable="true" enabled="true" focusable="true" focused="false" long-clickable="false" password="false" scrollable="false" selected="false" bounds="[0,281][1440,1411]" displayed="true" />
                          </androidx.viewpager.widget.ViewPager>
                          <android.widget.TextView index="1" package="com.fermax" class="android.widget.TextView" text="Stirling Residences" resource-id="com.fermax:id/tvCondoName" checkable="false" checked="false" clickable="false" enabled="true" focusable="false" focused="false" long-clickable="false" password="false" scrollable="false" selected="false" bounds="[386,769][1054,923]" displayed="true" />
                          <android.widget.HorizontalScrollView index="2" package="com.fermax" class="android.widget.HorizontalScrollView" text="" resource-id="com.fermax:id/tabDots" checkable="false" checked="false" clickable="false" enabled="true" focusable="true" focused="false" long-clickable="false" password="false" scrollable="false" selected="false" bounds="[175,1299][1265,1411]" displayed="true">
                            <android.widget.LinearLayout index="0" package="com.fermax" class="android.widget.LinearLayout" text="" checkable="false" checked="false" clickable="false" enabled="true" focusable="false" focused="false" long-clickable="false" password="false" scrollable="false" selected="false" bounds="[175,1299][1265,1411]" displayed="true">
                              <android.widget.LinearLayout index="0" package="com.fermax" class="android.widget.LinearLayout" text="" checkable="false" checked="false" clickable="true" enabled="true" focusable="true" focused="false" long-clickable="false" password="false" scrollable="false" selected="false" bounds="[594,1299][678,1411]" displayed="true" />
                              <android.widget.LinearLayout index="1" package="com.fermax" class="android.widget.LinearLayout" text="" checkable="false" checked="false" clickable="true" enabled="true" focusable="true" focused="false" long-clickable="false" password="false" scrollable="false" selected="false" bounds="[678,1299][762,1411]" displayed="true" />
                              <android.widget.LinearLayout index="2" package="com.fermax" class="android.widget.LinearLayout" text="" checkable="false" checked="false" clickable="false" enabled="true" focusable="true" focused="false" long-clickable="false" password="false" scrollable="false" selected="true" bounds="[762,1299][846,1411]" displayed="true" />
                            </android.widget.LinearLayout>
                          </android.widget.HorizontalScrollView>
                        </android.widget.FrameLayout>
                      </android.widget.FrameLayout>
                      <android.widget.RelativeLayout index="1" package="com.fermax" class="android.widget.RelativeLayout" text="" resource-id="com.fermax:id/rlMiddleSection" checkable="false" checked="false" clickable="false" enabled="true" focusable="false" focused="false" long-clickable="false" password="false" scrollable="false" selected="false" bounds="[0,1411][1440,3036]" displayed="true">
                        <android.widget.LinearLayout index="0" package="com.fermax" class="android.widget.LinearLayout" text="" checkable="false" checked="false" clickable="false" enabled="true" focusable="false" focused="false" long-clickable="false" password="false" scrollable="false" selected="false" bounds="[0,1411][1440,3036]" displayed="true">
                          <android.widget.LinearLayout index="0" package="com.fermax" class="android.widget.LinearLayout" text="" resource-id="com.fermax:id/llLivingMenu" checkable="false" checked="false" clickable="false" enabled="true" focusable="false" focused="false" long-clickable="false" password="false" scrollable="false" selected="false" bounds="[0,1411][1440,3036]" displayed="true">
                            <android.widget.LinearLayout index="0" package="com.fermax" class="android.widget.LinearLayout" text="" resource-id="com.fermax:id/llMain" checkable="false" checked="false" clickable="false" enabled="true" focusable="false" focused="false" long-clickable="false" password="false" scrollable="false" selected="false" bounds="[0,1411][1440,1950]" displayed="true">
                              <android.widget.LinearLayout index="0" package="com.fermax" class="android.widget.LinearLayout" text="" resource-id="com.fermax:id/llTitle" checkable="false" checked="false" clickable="false" enabled="true" focusable="false" focused="false" long-clickable="false" password="false" scrollable="false" selected="false" bounds="[0,1411][1440,1540]" displayed="true">
                                <android.widget.ImageView index="0" package="com.fermax" class="android.widget.ImageView" text="" resource-id="com.fermax:id/ivLeftDot" checkable="false" checked="false" clickable="false" enabled="true" focusable="false" focused="false" long-clickable="false" password="false" scrollable="false" selected="false" bounds="[467,1458][495,1486]" displayed="true" />
                                <android.widget.TextView index="1" package="com.fermax" class="android.widget.TextView" text="My Community" resource-id="com.fermax:id/tvTitle" checkable="false" checked="false" clickable="false" enabled="true" focusable="false" focused="false" long-clickable="false" password="false" scrollable="false" selected="false" bounds="[495,1439][944,1505]" displayed="true" />
                                <android.widget.ImageView index="2" package="com.fermax" class="android.widget.ImageView" text="" resource-id="com.fermax:id/ivRightDot" checkable="false" checked="false" clickable="false" enabled="true" focusable="false" focused="false" long-clickable="false" password="false" scrollable="false" selected="false" bounds="[944,1458][972,1486]" displayed="true" />
                              </android.widget.LinearLayout>
                              <android.widget.LinearLayout index="1" package="com.fermax" class="android.widget.LinearLayout" text="" checkable="false" checked="false" clickable="false" enabled="true" focusable="false" focused="false" long-clickable="false" password="false" scrollable="false" selected="false" bounds="[0,1540][1440,1950]" displayed="true">
                                <androidx.viewpager.widget.ViewPager index="0" package="com.fermax" class="androidx.viewpager.widget.ViewPager" text="" resource-id="com.fermax:id/viewPager" checkable="false" checked="false" clickable="false" enabled="true" focusable="true" focused="false" long-clickable="false" password="false" scrollable="true" selected="false" bounds="[105,1540][1335,1950]" displayed="true">
                                  <android.widget.FrameLayout index="0" package="com.fermax" class="android.widget.FrameLayout" text="" resource-id="com.fermax:id/llRowItem" checkable="false" checked="false" clickable="false" enabled="true" focusable="false" focused="false" long-clickable="false" password="false" scrollable="false" selected="false" bounds="[105,1540][510,1950]" displayed="true">
                                    <android.widget.FrameLayout index="0" package="com.fermax" class="android.widget.FrameLayout" text="" resource-id="com.fermax:id/fmRowItem" checkable="false" checked="false" clickable="true" enabled="true" focusable="true" focused="false" long-clickable="false" password="false" scrollable="false" selected="false" bounds="[105,1540][510,1950]" displayed="true">
                                      <android.widget.ImageView index="0" package="com.fermax" class="android.widget.ImageView" text="" resource-id="com.fermax:id/imvBgImage" checkable="false" checked="false" clickable="false" enabled="true" focusable="false" focused="false" long-clickable="false" password="false" scrollable="false" selected="false" bounds="[105,1540][510,1950]" displayed="true" />
                                      <android.widget.LinearLayout index="1" package="com.fermax" class="android.widget.LinearLayout" text="" resource-id="com.fermax:id/llMenu" checkable="false" checked="false" clickable="false" enabled="true" focusable="false" focused="false" long-clickable="false" password="false" scrollable="false" selected="false" bounds="[257,1683][362,1806]" displayed="true" />
                                      <android.widget.TextView index="2" package="com.fermax" class="android.widget.TextView" text="Wall" resource-id="com.fermax:id/tvTabName" checkable="false" checked="false" clickable="false" enabled="true" focusable="false" focused="false" long-clickable="false" password="false" scrollable="false" selected="false" bounds="[105,1822][510,1950]" displayed="true" />
                                    </android.widget.FrameLayout>
                                  </android.widget.FrameLayout>
                                  <android.widget.FrameLayout index="1" package="com.fermax" class="android.widget.FrameLayout" text="" resource-id="com.fermax:id/llRowItem" checkable="false" checked="false" clickable="false" enabled="true" focusable="false" focused="false" long-clickable="false" password="false" scrollable="false" selected="false" bounds="[510,1540][915,1950]" displayed="true">
                                    <android.widget.FrameLayout index="0" package="com.fermax" class="android.widget.FrameLayout" text="" resource-id="com.fermax:id/fmRowItem" checkable="false" checked="false" clickable="true" enabled="true" focusable="true" focused="false" long-clickable="false" password="false" scrollable="false" selected="false" bounds="[510,1540][915,1950]" displayed="true">
                                      <android.widget.ImageView index="0" package="com.fermax" class="android.widget.ImageView" text="" resource-id="com.fermax:id/imvBgImage" checkable="false" checked="false" clickable="false" enabled="true" focusable="false" focused="false" long-clickable="false" password="false" scrollable="false" selected="false" bounds="[510,1540][915,1950]" displayed="true" />
                                      <android.widget.LinearLayout index="1" package="com.fermax" class="android.widget.LinearLayout" text="" resource-id="com.fermax:id/llMenu" checkable="false" checked="false" clickable="false" enabled="true" focusable="false" focused="false" long-clickable="false" password="false" scrollable="false" selected="false" bounds="[662,1683][767,1806]" displayed="true" />
                                      <android.widget.TextView index="2" package="com.fermax" class="android.widget.TextView" text="Facilities" resource-id="com.fermax:id/tvTabName" checkable="false" checked="false" clickable="false" enabled="true" focusable="false" focused="false" long-clickable="false" password="false" scrollable="false" selected="false" bounds="[510,1822][915,1950]" displayed="true" />
                                    </android.widget.FrameLayout>
                                  </android.widget.FrameLayout>
                                  <android.widget.FrameLayout index="2" package="com.fermax" class="android.widget.FrameLayout" text="" resource-id="com.fermax:id/llRowItem" checkable="false" checked="false" clickable="false" enabled="true" focusable="false" focused="false" long-clickable="false" password="false" scrollable="false" selected="false" bounds="[916,1540][1334,1950]" displayed="true">
                                    <android.widget.FrameLayout index="0" package="com.fermax" class="android.widget.FrameLayout" text="" resource-id="com.fermax:id/fmRowItem" checkable="false" checked="false" clickable="true" enabled="true" focusable="true" focused="false" long-clickable="false" password="false" scrollable="false" selected="false" bounds="[916,1540][1326,1950]" displayed="true">
                                      <android.widget.ImageView index="0" package="com.fermax" class="android.widget.ImageView" text="" resource-id="com.fermax:id/imvBgImage" checkable="false" checked="false" clickable="false" enabled="true" focusable="false" focused="false" long-clickable="false" password="false" scrollable="false" selected="false" bounds="[916,1540][1326,1950]" displayed="true" />
                                      <android.widget.LinearLayout index="1" package="com.fermax" class="android.widget.LinearLayout" text="" resource-id="com.fermax:id/llMenu" checkable="false" checked="false" clickable="false" enabled="true" focusable="false" focused="false" long-clickable="false" password="false" scrollable="false" selected="false" bounds="[1068,1683][1173,1806]" displayed="true" />
                                      <android.widget.TextView index="2" package="com.fermax" class="android.widget.TextView" text="General Feedback" resource-id="com.fermax:id/tvTabName" checkable="false" checked="false" clickable="false" enabled="true" focusable="false" focused="false" long-clickable="false" password="false" scrollable="false" selected="false" bounds="[916,1822][1326,1950]" displayed="true" />
                                    </android.widget.FrameLayout>
                                  </android.widget.FrameLayout>
                                </androidx.viewpager.widget.ViewPager>
                                <android.widget.ImageView index="1" package="com.fermax" class="android.widget.ImageView" text="" resource-id="com.fermax:id/ivArrowRight" checkable="false" checked="false" clickable="true" enabled="true" focusable="true" focused="false" long-clickable="false" password="false" scrollable="false" selected="false" bounds="[1335,1540][1440,1950]" displayed="true" />
                              </android.widget.LinearLayout>
                            </android.widget.LinearLayout>
                            <android.widget.LinearLayout index="1" package="com.fermax" class="android.widget.LinearLayout" text="" resource-id="com.fermax:id/llMain" checkable="false" checked="false" clickable="false" enabled="true" focusable="false" focused="false" long-clickable="false" password="false" scrollable="false" selected="false" bounds="[0,1950][1440,2489]" displayed="true">
                              <android.widget.LinearLayout index="0" package="com.fermax" class="android.widget.LinearLayout" text="" resource-id="com.fermax:id/llTitle" checkable="false" checked="false" clickable="false" enabled="true" focusable="false" focused="false" long-clickable="false" password="false" scrollable="false" selected="false" bounds="[0,1950][1440,2079]" displayed="true">
                                <android.widget.ImageView index="0" package="com.fermax" class="android.widget.ImageView" text="" resource-id="com.fermax:id/ivLeftDot" checkable="false" checked="false" clickable="false" enabled="true" focusable="false" focused="false" long-clickable="false" password="false" scrollable="false" selected="false" bounds="[532,1997][560,2025]" displayed="true" />
                                <android.widget.TextView index="1" package="com.fermax" class="android.widget.TextView" text="My Home" resource-id="com.fermax:id/tvTitle" checkable="false" checked="false" clickable="false" enabled="true" focusable="false" focused="false" long-clickable="false" password="false" scrollable="false" selected="false" bounds="[560,1978][880,2044]" displayed="true" />
                                <android.widget.ImageView index="2" package="com.fermax" class="android.widget.ImageView" text="" resource-id="com.fermax:id/ivRightDot" checkable="false" checked="false" clickable="false" enabled="true" focusable="false" focused="false" long-clickable="false" password="false" scrollable="false" selected="false" bounds="[880,1997][908,2025]" displayed="true" />
                              </android.widget.LinearLayout>
                              <android.widget.LinearLayout index="1" package="com.fermax" class="android.widget.LinearLayout" text="" checkable="false" checked="false" clickable="false" enabled="true" focusable="false" focused="false" long-clickable="false" password="false" scrollable="false" selected="false" bounds="[0,2079][1440,2489]" displayed="true">
                                <androidx.viewpager.widget.ViewPager index="0" package="com.fermax" class="androidx.viewpager.widget.ViewPager" text="" resource-id="com.fermax:id/viewPager" checkable="false" checked="false" clickable="false" enabled="true" focusable="true" focused="false" long-clickable="false" password="false" scrollable="true" selected="false" bounds="[105,2079][1335,2489]" displayed="true">
                                  <android.widget.FrameLayout index="0" package="com.fermax" class="android.widget.FrameLayout" text="" resource-id="com.fermax:id/llRowItem" checkable="false" checked="false" clickable="false" enabled="true" focusable="false" focused="false" long-clickable="false" password="false" scrollable="false" selected="false" bounds="[105,2079][510,2489]" displayed="true">
                                    <android.widget.FrameLayout index="0" package="com.fermax" class="android.widget.FrameLayout" text="" resource-id="com.fermax:id/fmRowItem" checkable="false" checked="false" clickable="true" enabled="true" focusable="true" focused="false" long-clickable="false" password="false" scrollable="false" selected="false" bounds="[105,2079][510,2489]" displayed="true">
                                      <android.widget.ImageView index="0" package="com.fermax" class="android.widget.ImageView" text="" resource-id="com.fermax:id/imvBgImage" checkable="false" checked="false" clickable="false" enabled="true" focusable="false" focused="false" long-clickable="false" password="false" scrollable="false" selected="false" bounds="[105,2079][510,2489]" displayed="true" />
                                      <android.widget.LinearLayout index="1" package="com.fermax" class="android.widget.LinearLayout" text="" resource-id="com.fermax:id/llMenu" checkable="false" checked="false" clickable="false" enabled="true" focusable="false" focused="false" long-clickable="false" password="false" scrollable="false" selected="false" bounds="[257,2222][362,2345]" displayed="true" />
                                      <android.widget.TextView index="2" package="com.fermax" class="android.widget.TextView" text="My Unit" resource-id="com.fermax:id/tvTabName" checkable="false" checked="false" clickable="false" enabled="true" focusable="false" focused="false" long-clickable="false" password="false" scrollable="false" selected="false" bounds="[105,2361][510,2489]" displayed="true" />
                                    </android.widget.FrameLayout>
                                  </android.widget.FrameLayout>
                                  <android.widget.FrameLayout index="1" package="com.fermax" class="android.widget.FrameLayout" text="" resource-id="com.fermax:id/llRowItem" checkable="false" checked="false" clickable="false" enabled="true" focusable="false" focused="false" long-clickable="false" password="false" scrollable="false" selected="false" bounds="[510,2079][915,2489]" displayed="true">
                                    <android.widget.FrameLayout index="0" package="com.fermax" class="android.widget.FrameLayout" text="" resource-id="com.fermax:id/fmRowItem" checkable="false" checked="false" clickable="true" enabled="true" focusable="true" focused="false" long-clickable="false" password="false" scrollable="false" selected="false" bounds="[510,2079][915,2489]" displayed="true">
                                      <android.widget.ImageView index="0" package="com.fermax" class="android.widget.ImageView" text="" resource-id="com.fermax:id/imvBgImage" checkable="false" checked="false" clickable="false" enabled="true" focusable="false" focused="false" long-clickable="false" password="false" scrollable="false" selected="false" bounds="[510,2079][915,2489]" displayed="true" />
                                      <android.widget.LinearLayout index="1" package="com.fermax" class="android.widget.LinearLayout" text="" resource-id="com.fermax:id/llMenu" checkable="false" checked="false" clickable="false" enabled="true" focusable="false" focused="false" long-clickable="false" password="false" scrollable="false" selected="false" bounds="[662,2222][767,2345]" displayed="true" />
                                      <android.widget.TextView index="2" package="com.fermax" class="android.widget.TextView" text="Intercom Call" resource-id="com.fermax:id/tvTabName" checkable="false" checked="false" clickable="false" enabled="true" focusable="false" focused="false" long-clickable="false" password="false" scrollable="false" selected="false" bounds="[510,2361][915,2489]" displayed="true" />
                                    </android.widget.FrameLayout>
                                  </android.widget.FrameLayout>
                                  <android.widget.FrameLayout index="2" package="com.fermax" class="android.widget.FrameLayout" text="" resource-id="com.fermax:id/llRowItem" checkable="false" checked="false" clickable="false" enabled="true" focusable="false" focused="false" long-clickable="false" password="false" scrollable="false" selected="false" bounds="[916,2079][1334,2489]" displayed="true">
                                    <android.widget.FrameLayout index="0" package="com.fermax" class="android.widget.FrameLayout" text="" resource-id="com.fermax:id/fmRowItem" checkable="false" checked="false" clickable="true" enabled="true" focusable="true" focused="false" long-clickable="false" password="false" scrollable="false" selected="false" bounds="[916,2079][1326,2489]" displayed="true">
                                      <android.widget.ImageView index="0" package="com.fermax" class="android.widget.ImageView" text="" resource-id="com.fermax:id/imvBgImage" checkable="false" checked="false" clickable="false" enabled="true" focusable="false" focused="false" long-clickable="false" password="false" scrollable="false" selected="false" bounds="[916,2079][1326,2489]" displayed="true" />
                                      <android.widget.LinearLayout index="1" package="com.fermax" class="android.widget.LinearLayout" text="" resource-id="com.fermax:id/llMenu" checkable="false" checked="false" clickable="false" enabled="true" focusable="false" focused="false" long-clickable="false" password="false" scrollable="false" selected="false" bounds="[1068,2222][1173,2345]" displayed="true" />
                                      <android.widget.TextView index="2" package="com.fermax" class="android.widget.TextView" text="My Smart Home Journey" resource-id="com.fermax:id/tvTabName" checkable="false" checked="false" clickable="false" enabled="true" focusable="false" focused="false" long-clickable="false" password="false" scrollable="false" selected="false" bounds="[916,2361][1326,2489]" displayed="true" />
                                    </android.widget.FrameLayout>
                                  </android.widget.FrameLayout>
                                </androidx.viewpager.widget.ViewPager>
                                <android.widget.ImageView index="1" package="com.fermax" class="android.widget.ImageView" text="" resource-id="com.fermax:id/ivArrowRight" checkable="false" checked="false" clickable="true" enabled="true" focusable="true" focused="false" long-clickable="false" password="false" scrollable="false" selected="false" bounds="[1335,2079][1440,2489]" displayed="true" />
                              </android.widget.LinearLayout>
                            </android.widget.LinearLayout>
                            <android.widget.LinearLayout index="2" package="com.fermax" class="android.widget.LinearLayout" text="" resource-id="com.fermax:id/llMain" checkable="false" checked="false" clickable="false" enabled="true" focusable="false" focused="false" long-clickable="false" password="false" scrollable="false" selected="false" bounds="[0,2489][1440,3028]" displayed="true">
                              <android.widget.LinearLayout index="0" package="com.fermax" class="android.widget.LinearLayout" text="" resource-id="com.fermax:id/llTitle" checkable="false" checked="false" clickable="false" enabled="true" focusable="false" focused="false" long-clickable="false" password="false" scrollable="false" selected="false" bounds="[0,2489][1440,2618]" displayed="true">
                                <android.widget.ImageView index="0" package="com.fermax" class="android.widget.ImageView" text="" resource-id="com.fermax:id/ivLeftDot" checkable="false" checked="false" clickable="false" enabled="true" focusable="false" focused="false" long-clickable="false" password="false" scrollable="false" selected="false" bounds="[562,2536][590,2564]" displayed="true" />
                                <android.widget.TextView index="1" package="com.fermax" class="android.widget.TextView" text="My Life" resource-id="com.fermax:id/tvTitle" checkable="false" checked="false" clickable="false" enabled="true" focusable="false" focused="false" long-clickable="false" password="false" scrollable="false" selected="false" bounds="[590,2517][850,2583]" displayed="true" />
                                <android.widget.ImageView index="2" package="com.fermax" class="android.widget.ImageView" text="" resource-id="com.fermax:id/ivRightDot" checkable="false" checked="false" clickable="false" enabled="true" focusable="false" focused="false" long-clickable="false" password="false" scrollable="false" selected="false" bounds="[850,2536][878,2564]" displayed="true" />
                              </android.widget.LinearLayout>
                              <android.widget.LinearLayout index="1" package="com.fermax" class="android.widget.LinearLayout" text="" checkable="false" checked="false" clickable="false" enabled="true" focusable="false" focused="false" long-clickable="false" password="false" scrollable="false" selected="false" bounds="[0,2618][1440,3028]" displayed="true">
                                <androidx.viewpager.widget.ViewPager index="0" package="com.fermax" class="androidx.viewpager.widget.ViewPager" text="" resource-id="com.fermax:id/viewPager" checkable="false" checked="false" clickable="false" enabled="true" focusable="true" focused="false" long-clickable="false" password="false" scrollable="true" selected="false" bounds="[105,2618][1335,3028]" displayed="true">
                                  <android.widget.FrameLayout index="0" package="com.fermax" class="android.widget.FrameLayout" text="" resource-id="com.fermax:id/llRowItem" checkable="false" checked="false" clickable="false" enabled="true" focusable="false" focused="false" long-clickable="false" password="false" scrollable="false" selected="false" bounds="[105,2618][720,3028]" displayed="true">
                                    <android.widget.FrameLayout index="0" package="com.fermax" class="android.widget.FrameLayout" text="" resource-id="com.fermax:id/fmRowItem" checkable="false" checked="false" clickable="true" enabled="true" focusable="true" focused="false" long-clickable="false" password="false" scrollable="false" selected="false" bounds="[105,2618][713,3021]" displayed="true">
                                      <android.widget.ImageView index="0" package="com.fermax" class="android.widget.ImageView" text="" resource-id="com.fermax:id/imvBgImage" checkable="false" checked="false" clickable="false" enabled="true" focusable="false" focused="false" long-clickable="false" password="false" scrollable="false" selected="false" bounds="[105,2618][713,3021]" displayed="true" />
                                      <android.widget.LinearLayout index="1" package="com.fermax" class="android.widget.LinearLayout" text="" resource-id="com.fermax:id/llMenu" checkable="false" checked="false" clickable="false" enabled="true" focusable="false" focused="false" long-clickable="false" password="false" scrollable="false" selected="false" bounds="[356,2758][461,2881]" displayed="true" />
                                      <android.widget.TextView index="2" package="com.fermax" class="android.widget.TextView" text="My Account" resource-id="com.fermax:id/tvTabName" checkable="false" checked="false" clickable="false" enabled="true" focusable="false" focused="false" long-clickable="false" password="false" scrollable="false" selected="false" bounds="[105,2893][713,3021]" displayed="true" />
                                    </android.widget.FrameLayout>
                                  </android.widget.FrameLayout>
                                  <android.widget.FrameLayout index="1" package="com.fermax" class="android.widget.FrameLayout" text="" resource-id="com.fermax:id/llRowItem" checkable="false" checked="false" clickable="false" enabled="true" focusable="false" focused="false" long-clickable="false" password="false" scrollable="false" selected="false" bounds="[720,2618][1335,3028]" displayed="true">
                                    <android.widget.FrameLayout index="0" package="com.fermax" class="android.widget.FrameLayout" text="" resource-id="com.fermax:id/fmRowItem" checkable="false" checked="false" clickable="true" enabled="true" focusable="true" focused="false" long-clickable="false" password="false" scrollable="false" selected="false" bounds="[720,2618][1328,3021]" displayed="true">
                                      <android.widget.ImageView index="0" package="com.fermax" class="android.widget.ImageView" text="" resource-id="com.fermax:id/imvBgImage" checkable="false" checked="false" clickable="false" enabled="true" focusable="false" focused="false" long-clickable="false" password="false" scrollable="false" selected="false" bounds="[720,2618][1328,3021]" displayed="true" />
                                      <android.widget.LinearLayout index="1" package="com.fermax" class="android.widget.LinearLayout" text="" resource-id="com.fermax:id/llMenu" checkable="false" checked="false" clickable="false" enabled="true" focusable="false" focused="false" long-clickable="false" password="false" scrollable="false" selected="false" bounds="[971,2758][1076,2881]" displayed="true" />
                                      <android.widget.TextView index="2" package="com.fermax" class="android.widget.TextView" text="Buy &amp; Sell" resource-id="com.fermax:id/tvTabName" checkable="false" checked="false" clickable="false" enabled="true" focusable="false" focused="false" long-clickable="false" password="false" scrollable="false" selected="false" bounds="[720,2893][1328,3021]" displayed="true" />
                                    </android.widget.FrameLayout>
                                  </android.widget.FrameLayout>
                                </androidx.viewpager.widget.ViewPager>
                              </android.widget.LinearLayout>
                            </android.widget.LinearLayout>
                            <android.widget.LinearLayout index="3" package="com.fermax" class="android.widget.LinearLayout" text="" resource-id="com.fermax:id/llMain" checkable="false" checked="false" clickable="false" enabled="true" focusable="false" focused="false" long-clickable="false" password="false" scrollable="false" selected="false" bounds="[0,3028][1440,3036]" displayed="true">
                              <android.widget.LinearLayout index="0" package="com.fermax" class="android.widget.LinearLayout" text="" resource-id="com.fermax:id/llTitle" checkable="false" checked="false" clickable="false" enabled="true" focusable="false" focused="false" long-clickable="false" password="false" scrollable="false" selected="false" bounds="[0,3028][1440,3036]" displayed="true" />
                            </android.widget.LinearLayout>
                          </android.widget.LinearLayout>
                        </android.widget.LinearLayout>
                      </android.widget.RelativeLayout>
                    </android.widget.RelativeLayout>
                  </android.widget.ScrollView>
                </android.widget.LinearLayout>
              </android.widget.FrameLayout>
            </android.widget.LinearLayout>
          </android.widget.FrameLayout>
        </android.widget.LinearLayout>
      </android.view.ViewGroup>
    </android.widget.RelativeLayout>
    <android.view.View index="2" package="com.fermax" class="android.view.View" text="" resource-id="android:id/navigationBarBackground" checkable="false" checked="false" clickable="false" enabled="true" focusable="false" focused="false" long-clickable="false" password="false" scrollable="false" selected="false" bounds="[0,3036][1440,3120]" displayed="true" />
  </android.widget.FrameLayout>
</hierarchy>