<?xml version='1.0' encoding='UTF-8' standalone='yes' ?>
<hierarchy index="0" class="hierarchy" rotation="0" width="1440" height="3036">
  <android.widget.FrameLayout index="0" package="com.fermax" class="android.widget.FrameLayout" text="" checkable="false" checked="false" clickable="false" enabled="true" focusable="false" focused="false" long-clickable="false" password="false" scrollable="false" selected="false" bounds="[0,0][1440,3036]" displayed="true">
    <android.widget.LinearLayout index="0" package="com.fermax" class="android.widget.LinearLayout" text="" checkable="false" checked="false" clickable="false" enabled="true" focusable="false" focused="false" long-clickable="false" password="false" scrollable="false" selected="false" bounds="[0,0][1440,3036]" displayed="true">
      <android.widget.FrameLayout index="0" package="com.fermax" class="android.widget.FrameLayout" text="" checkable="false" checked="false" clickable="false" enabled="true" focusable="false" focused="false" long-clickable="false" password="false" scrollable="false" selected="false" bounds="[0,84][1440,3036]" displayed="true">
        <android.widget.LinearLayout index="0" package="com.fermax" class="android.widget.LinearLayout" text="" resource-id="com.fermax:id/action_bar_root" checkable="false" checked="false" clickable="false" enabled="true" focusable="false" focused="false" long-clickable="false" password="false" scrollable="false" selected="false" bounds="[0,84][1440,3036]" displayed="true">
          <android.widget.FrameLayout index="0" package="com.fermax" class="android.widget.FrameLayout" text="" resource-id="android:id/content" checkable="false" checked="false" clickable="false" enabled="true" focusable="false" focused="false" long-clickable="false" password="false" scrollable="false" selected="false" bounds="[0,84][1440,3036]" displayed="true">
            <android.widget.RelativeLayout index="0" package="com.fermax" class="android.widget.RelativeLayout" text="" checkable="false" checked="false" clickable="false" enabled="true" focusable="false" focused="false" long-clickable="false" password="false" scrollable="false" selected="false" bounds="[0,84][1440,3036]" displayed="true">
              <android.widget.FrameLayout index="0" package="com.fermax" class="android.widget.FrameLayout" text="" resource-id="com.fermax:id/paymenttoolbar" checkable="false" checked="false" clickable="false" enabled="true" focusable="false" focused="false" long-clickable="false" password="false" scrollable="false" selected="false" bounds="[0,84][1440,281]" displayed="true">
                <android.widget.LinearLayout index="0" package="com.fermax" class="android.widget.LinearLayout" text="" checkable="false" checked="false" clickable="false" enabled="true" focusable="false" focused="false" long-clickable="false" password="false" scrollable="false" selected="false" bounds="[0,84][1440,281]" displayed="true">
                  <android.view.ViewGroup index="0" package="com.fermax" class="android.view.ViewGroup" text="" resource-id="com.fermax:id/customToolbar" checkable="false" checked="false" clickable="false" enabled="true" focusable="false" focused="false" long-clickable="false" password="false" scrollable="false" selected="false" bounds="[0,84][1440,280]" displayed="true">
                    <android.widget.ImageButton index="0" package="com.fermax" class="android.widget.ImageButton" text="" content-desc="Navigate up" checkable="false" checked="false" clickable="true" enabled="true" focusable="true" focused="false" long-clickable="false" password="false" scrollable="false" selected="false" bounds="[0,84][196,280]" displayed="true" />
                  </android.view.ViewGroup>
                  <android.view.View index="1" package="com.fermax" class="android.view.View" text="" resource-id="com.fermax:id/toolbar_line" checkable="false" checked="false" clickable="false" enabled="true" focusable="false" focused="false" long-clickable="false" password="false" scrollable="false" selected="false" bounds="[0,280][1440,281]" displayed="true" />
                </android.widget.LinearLayout>
                <android.widget.RelativeLayout index="1" package="com.fermax" class="android.widget.RelativeLayout" text="" checkable="false" checked="false" clickable="false" enabled="true" focusable="false" focused="false" long-clickable="false" password="false" scrollable="false" selected="false" bounds="[154,156][1286,209]" displayed="true">
                  <android.widget.TextView index="0" package="com.fermax" class="android.widget.TextView" text="PAYMENT" resource-id="com.fermax:id/tvTitle" checkable="false" checked="false" clickable="false" enabled="true" focusable="false" focused="false" long-clickable="false" password="false" scrollable="false" selected="false" bounds="[154,156][1286,209]" displayed="true" />
                </android.widget.RelativeLayout>
              </android.widget.FrameLayout>
              <android.widget.ScrollView index="1" package="com.fermax" class="android.widget.ScrollView" text="" resource-id="com.fermax:id/svPaymentMain" checkable="false" checked="false" clickable="false" enabled="true" focusable="true" focused="false" long-clickable="false" password="false" scrollable="false" selected="false" bounds="[0,281][1440,2812]" displayed="true">
                <android.widget.LinearLayout index="0" package="com.fermax" class="android.widget.LinearLayout" text="" checkable="false" checked="false" clickable="false" enabled="true" focusable="false" focused="false" long-clickable="false" password="false" scrollable="false" selected="false" bounds="[28,295][1412,2812]" displayed="true">
                  <android.widget.LinearLayout index="0" package="com.fermax" class="android.widget.LinearLayout" text="" checkable="false" checked="false" clickable="false" enabled="true" focusable="false" focused="false" long-clickable="false" password="false" scrollable="false" selected="false" bounds="[28,295][1412,389]" displayed="true">
                    <android.widget.TextView index="0" package="com.fermax" class="android.widget.TextView" text="Title: Tennis Court" resource-id="com.fermax:id/tvPaymentTitle" checkable="false" checked="false" clickable="false" enabled="true" focusable="false" focused="false" long-clickable="false" password="false" scrollable="false" selected="false" bounds="[28,323][1167,389]" displayed="true" />
                    <android.widget.TextView index="1" package="com.fermax" class="android.widget.TextView" text="04:50" resource-id="com.fermax:id/tvTimer" checkable="false" checked="false" clickable="false" enabled="true" focusable="false" focused="false" long-clickable="false" password="false" scrollable="false" selected="false" bounds="[1167,323][1412,389]" displayed="true" />
                  </android.widget.LinearLayout>
                  <android.widget.LinearLayout index="1" package="com.fermax" class="android.widget.LinearLayout" text="" resource-id="com.fermax:id/llAmenityView" checkable="false" checked="false" clickable="false" enabled="true" focusable="false" focused="false" long-clickable="false" password="false" scrollable="false" selected="false" bounds="[28,389][1412,895]" displayed="true">
                    <android.widget.TableLayout index="0" package="com.fermax" class="android.widget.TableLayout" text="" checkable="false" checked="false" clickable="false" enabled="true" focusable="false" focused="false" long-clickable="false" password="false" scrollable="false" selected="false" bounds="[28,389][1412,748]" displayed="true">
                      <android.widget.TableRow index="0" package="com.fermax" class="android.widget.TableRow" text="" checkable="false" checked="false" clickable="false" enabled="true" focusable="false" focused="false" long-clickable="false" password="false" scrollable="false" selected="false" bounds="[28,536][1412,594]" displayed="true">
                        <android.widget.TextView index="0" package="com.fermax" class="android.widget.TextView" text="Date" checkable="false" checked="false" clickable="false" enabled="true" focusable="false" focused="false" long-clickable="false" password="false" scrollable="false" selected="false" bounds="[28,536][450,594]" displayed="true" />
                        <android.widget.TextView index="1" package="com.fermax" class="android.widget.TextView" text="Time" checkable="false" checked="false" clickable="false" enabled="true" focusable="false" focused="false" long-clickable="false" password="false" scrollable="false" selected="false" bounds="[450,536][1031,594]" displayed="true" />
                        <android.widget.TextView index="2" package="com.fermax" class="android.widget.TextView" text="Duration" checkable="false" checked="false" clickable="false" enabled="true" focusable="false" focused="false" long-clickable="false" password="false" scrollable="false" selected="false" bounds="[1031,536][1412,594]" displayed="true" />
                      </android.widget.TableRow>
                      <android.widget.TableRow index="1" package="com.fermax" class="android.widget.TableRow" text="" checkable="false" checked="false" clickable="false" enabled="true" focusable="false" focused="false" long-clickable="false" password="false" scrollable="false" selected="false" bounds="[28,594][1412,643]" displayed="true">
                        <android.widget.TextView index="0" package="com.fermax" class="android.widget.TextView" text="30 Mar '23" resource-id="com.fermax:id/tvAmenityDate" checkable="false" checked="false" clickable="false" enabled="true" focusable="false" focused="false" long-clickable="false" password="false" scrollable="false" selected="false" bounds="[28,594][450,643]" displayed="true" />
                        <android.widget.TextView index="1" package="com.fermax" class="android.widget.TextView" text="02:00 PM - 03:00 PM" resource-id="com.fermax:id/tvAmenityTime" checkable="false" checked="false" clickable="false" enabled="true" focusable="false" focused="false" long-clickable="false" password="false" scrollable="false" selected="false" bounds="[450,594][1031,643]" displayed="true" />
                        <android.widget.TextView index="2" package="com.fermax" class="android.widget.TextView" text="1 Hrs" resource-id="com.fermax:id/tvAmenityDuration" checkable="false" checked="false" clickable="false" enabled="true" focusable="false" focused="false" long-clickable="false" password="false" scrollable="false" selected="false" bounds="[1031,594][1412,643]" displayed="true" />
                      </android.widget.TableRow>
                    </android.widget.TableLayout>
                    <android.widget.LinearLayout index="1" package="com.fermax" class="android.widget.LinearLayout" text="" checkable="false" checked="false" clickable="false" enabled="true" focusable="false" focused="false" long-clickable="false" password="false" scrollable="false" selected="false" bounds="[28,748][1412,895]" displayed="true">
                      <android.widget.LinearLayout index="0" package="com.fermax" class="android.widget.LinearLayout" text="" checkable="false" checked="false" clickable="false" enabled="true" focusable="false" focused="false" long-clickable="false" password="false" scrollable="false" selected="false" bounds="[28,769][1412,797]" displayed="true" />
                      <android.widget.LinearLayout index="1" package="com.fermax" class="android.widget.LinearLayout" text="" checkable="false" checked="false" clickable="false" enabled="true" focusable="false" focused="false" long-clickable="false" password="false" scrollable="false" selected="false" bounds="[28,797][1412,874]" displayed="true">
                        <android.widget.TextView index="0" package="com.fermax" class="android.widget.TextView" text="TOTAL FEE" resource-id="com.fermax:id/lblAmenityTotalFee" checkable="false" checked="false" clickable="false" enabled="true" focusable="false" focused="false" long-clickable="false" password="false" scrollable="false" selected="false" bounds="[28,811][295,860]" displayed="true" />
                        <android.widget.TextView index="1" package="com.fermax" class="android.widget.TextView" text="S$0.00" resource-id="com.fermax:id/tvAmenityTotalFee" checkable="false" checked="false" clickable="false" enabled="true" focusable="false" focused="false" long-clickable="false" password="false" scrollable="false" selected="false" bounds="[295,811][1412,860]" displayed="true" />
                      </android.widget.LinearLayout>
                    </android.widget.LinearLayout>
                  </android.widget.LinearLayout>
                  <android.widget.LinearLayout index="2" package="com.fermax" class="android.widget.LinearLayout" text="" resource-id="com.fermax:id/llPaymentBottomView" checkable="false" checked="false" clickable="false" enabled="true" focusable="false" focused="false" long-clickable="false" password="false" scrollable="false" selected="false" bounds="[28,895][1412,1035]" displayed="true">
                    <android.widget.LinearLayout index="1" package="com.fermax" class="android.widget.LinearLayout" text="" resource-id="com.fermax:id/llPaymentTAndC" checkable="false" checked="false" clickable="true" enabled="true" focusable="true" focused="false" long-clickable="false" password="false" scrollable="false" selected="false" bounds="[28,895][1412,1035]" displayed="true">
                      <android.widget.CheckBox index="0" package="com.fermax" class="android.widget.CheckBox" text="" resource-id="com.fermax:id/cbPaymentTAndC" checkable="true" checked="false" clickable="false" enabled="true" focusable="false" focused="false" long-clickable="false" password="false" scrollable="false" selected="false" bounds="[56,923][140,1007]" displayed="true" />
                      <android.widget.TextView index="1" package="com.fermax" class="android.widget.TextView" text="I agree to the terms &amp; conditions of the payment methods." resource-id="com.fermax:id/lblPaymentTAndC" checkable="false" checked="false" clickable="true" enabled="true" focusable="true" focused="false" long-clickable="false" password="false" scrollable="false" selected="false" bounds="[140,931][1412,1003]" displayed="true" />
                    </android.widget.LinearLayout>
                  </android.widget.LinearLayout>
                </android.widget.LinearLayout>
              </android.widget.ScrollView>
              <android.widget.FrameLayout index="2" package="com.fermax" class="android.widget.FrameLayout" text="" resource-id="com.fermax:id/frmProceed" checkable="false" checked="false" clickable="false" enabled="true" focusable="false" focused="false" long-clickable="false" password="false" scrollable="false" selected="false" bounds="[28,2812][1412,3036]" displayed="true">
                <android.widget.Button index="0" package="com.fermax" class="android.widget.Button" text="PROCEED" resource-id="com.fermax:id/btnProceed" checkable="false" checked="false" clickable="true" enabled="true" focusable="true" focused="false" long-clickable="false" password="false" scrollable="false" selected="false" bounds="[434,2854][1006,2994]" displayed="true" />
              </android.widget.FrameLayout>
            </android.widget.RelativeLayout>
          </android.widget.FrameLayout>
        </android.widget.LinearLayout>
      </android.widget.FrameLayout>
    </android.widget.LinearLayout>
    <android.view.View index="2" package="com.fermax" class="android.view.View" text="" resource-id="android:id/navigationBarBackground" checkable="false" checked="false" clickable="false" enabled="true" focusable="false" focused="false" long-clickable="false" password="false" scrollable="false" selected="false" bounds="[0,3036][1440,3120]" displayed="true" />
  </android.widget.FrameLayout>
</hierarchy>