<?xml version='1.0' encoding='UTF-8' standalone='yes' ?>
<hierarchy index="0" class="hierarchy" rotation="0" width="1440" height="3036">
  <android.widget.FrameLayout index="0" package="com.fermax" class="android.widget.FrameLayout" text="" checkable="false" checked="false" clickable="false" enabled="true" focusable="false" focused="false" long-clickable="false" password="false" scrollable="false" selected="false" bounds="[0,0][1440,3036]" displayed="true">
    <android.widget.LinearLayout index="0" package="com.fermax" class="android.widget.LinearLayout" text="" checkable="false" checked="false" clickable="false" enabled="true" focusable="false" focused="false" long-clickable="false" password="false" scrollable="false" selected="false" bounds="[0,0][1440,3036]" displayed="true">
      <android.widget.FrameLayout index="0" package="com.fermax" class="android.widget.FrameLayout" text="" checkable="false" checked="false" clickable="false" enabled="true" focusable="false" focused="false" long-clickable="false" password="false" scrollable="false" selected="false" bounds="[0,84][1440,3036]" displayed="true">
        <android.widget.LinearLayout index="0" package="com.fermax" class="android.widget.LinearLayout" text="" resource-id="com.fermax:id/action_bar_root" checkable="false" checked="false" clickable="false" enabled="true" focusable="false" focused="false" long-clickable="false" password="false" scrollable="false" selected="false" bounds="[0,84][1440,3036]" displayed="true">
          <android.widget.FrameLayout index="0" package="com.fermax" class="android.widget.FrameLayout" text="" resource-id="android:id/content" checkable="false" checked="false" clickable="false" enabled="true" focusable="false" focused="false" long-clickable="false" password="false" scrollable="false" selected="false" bounds="[0,84][1440,3036]" displayed="true">
            <android.widget.RelativeLayout index="0" package="com.fermax" class="android.widget.RelativeLayout" text="" checkable="false" checked="false" clickable="false" enabled="true" focusable="false" focused="false" long-clickable="false" password="false" scrollable="false" selected="false" bounds="[0,84][1440,3036]" displayed="true">
              <android.widget.FrameLayout index="0" package="com.fermax" class="android.widget.FrameLayout" text="" resource-id="com.fermax:id/flHeader" checkable="false" checked="false" clickable="false" enabled="true" focusable="false" focused="false" long-clickable="false" password="false" scrollable="false" selected="false" bounds="[0,84][1440,281]" displayed="true">
                <android.widget.FrameLayout index="0" package="com.fermax" class="android.widget.FrameLayout" text="" resource-id="com.fermax:id/toolbar" checkable="false" checked="false" clickable="false" enabled="true" focusable="false" focused="false" long-clickable="false" password="false" scrollable="false" selected="false" bounds="[0,84][1440,281]" displayed="true">
                  <android.widget.LinearLayout index="0" package="com.fermax" class="android.widget.LinearLayout" text="" checkable="false" checked="false" clickable="false" enabled="true" focusable="false" focused="false" long-clickable="false" password="false" scrollable="false" selected="false" bounds="[0,84][1440,281]" displayed="true">
                    <android.view.ViewGroup index="0" package="com.fermax" class="android.view.ViewGroup" text="" resource-id="com.fermax:id/customToolbar" checkable="false" checked="false" clickable="false" enabled="true" focusable="false" focused="false" long-clickable="false" password="false" scrollable="false" selected="false" bounds="[0,84][1440,280]" displayed="true" />
                    <android.view.View index="1" package="com.fermax" class="android.view.View" text="" resource-id="com.fermax:id/toolbar_line" checkable="false" checked="false" clickable="false" enabled="true" focusable="false" focused="false" long-clickable="false" password="false" scrollable="false" selected="false" bounds="[0,280][1440,281]" displayed="true" />
                  </android.widget.LinearLayout>
                  <android.widget.RelativeLayout index="1" package="com.fermax" class="android.widget.RelativeLayout" text="" checkable="false" checked="false" clickable="false" enabled="true" focusable="false" focused="false" long-clickable="false" password="false" scrollable="false" selected="false" bounds="[154,156][1286,209]" displayed="true">
                    <android.widget.TextView index="0" package="com.fermax" class="android.widget.TextView" text="TERMS AND CONDITIONS" resource-id="com.fermax:id/tvTitle" checkable="false" checked="false" clickable="false" enabled="true" focusable="false" focused="false" long-clickable="false" password="false" scrollable="false" selected="false" bounds="[154,156][1286,209]" displayed="true" />
                  </android.widget.RelativeLayout>
                </android.widget.FrameLayout>
                <android.widget.LinearLayout index="1" package="com.fermax" class="android.widget.LinearLayout" text="" checkable="false" checked="false" clickable="false" enabled="true" focusable="false" focused="false" long-clickable="false" password="false" scrollable="false" selected="false" bounds="[1384,84][1440,140]" displayed="true" />
              </android.widget.FrameLayout>
              <android.widget.LinearLayout index="1" package="com.fermax" class="android.widget.LinearLayout" text="" checkable="false" checked="false" clickable="false" enabled="true" focusable="false" focused="false" long-clickable="false" password="false" scrollable="false" selected="false" bounds="[0,281][1440,2833]" displayed="true">
                <android.webkit.WebView index="0" package="com.fermax" class="android.webkit.WebView" text="" checkable="false" checked="false" clickable="false" enabled="true" focusable="false" focused="false" long-clickable="false" password="false" scrollable="false" selected="false" bounds="[0,281][1440,2833]" displayed="true">
                  <android.webkit.WebView index="0" package="com.fermax" class="android.webkit.WebView" text="" checkable="false" checked="false" clickable="false" enabled="true" focusable="true" focused="true" long-clickable="false" password="false" scrollable="true" selected="false" bounds="[0,281][1440,2837]" displayed="true">
                    <android.widget.ListView index="0" package="com.fermax" class="android.widget.ListView" text="" checkable="false" checked="false" clickable="false" enabled="true" focusable="false" focused="false" long-clickable="false" password="false" scrollable="false" selected="false" bounds="[28,309][1417,2837]" displayed="true">
                      <android.view.View index="0" package="com.fermax" class="android.view.View" text="" checkable="false" checked="false" clickable="false" enabled="true" focusable="false" focused="false" long-clickable="false" password="false" scrollable="false" selected="false" bounds="[168,309][1417,375]" displayed="true">
                        <android.view.View index="0" package="com.fermax" class="android.view.View" text="1. " checkable="false" checked="false" clickable="false" enabled="true" focusable="false" focused="false" long-clickable="false" password="false" scrollable="false" selected="false" bounds="[105,309][171,375]" displayed="true" />
                        <android.widget.TextView index="1" package="com.fermax" class="android.widget.TextView" text="Opening Hours:    " checkable="false" checked="false" clickable="false" enabled="true" focusable="false" focused="false" long-clickable="false" password="false" scrollable="false" selected="false" bounds="[168,309][619,375]" displayed="true" />
                      </android.view.View>
                      <android.view.View index="1" package="com.fermax" class="android.view.View" text="" checkable="false" checked="false" clickable="false" enabled="true" focusable="false" focused="false" long-clickable="false" password="false" scrollable="false" selected="false" bounds="[168,372][1417,442]" displayed="true">
                        <android.view.View index="0" package="com.fermax" class="android.view.View" text="2. " checkable="false" checked="false" clickable="false" enabled="true" focusable="false" focused="false" long-clickable="false" password="false" scrollable="false" selected="false" bounds="[105,372][171,442]" displayed="true" />
                        <android.widget.TextView index="1" package="com.fermax" class="android.widget.TextView" text="Daily: 7.00 a.m. to 10.00 p.m." checkable="false" checked="false" clickable="false" enabled="true" focusable="false" focused="false" long-clickable="false" password="false" scrollable="false" selected="false" bounds="[168,372][892,442]" displayed="true" />
                      </android.view.View>
                      <android.view.View index="2" package="com.fermax" class="android.view.View" text="" checkable="false" checked="false" clickable="false" enabled="true" focusable="false" focused="false" long-clickable="false" password="false" scrollable="false" selected="false" bounds="[168,438][1417,771]" displayed="true">
                        <android.view.View index="0" package="com.fermax" class="android.view.View" text="3. " checkable="false" checked="false" clickable="false" enabled="true" focusable="false" focused="false" long-clickable="false" password="false" scrollable="false" selected="false" bounds="[105,438][171,508]" displayed="true" />
                        <android.widget.TextView index="1" package="com.fermax" class="android.widget.TextView" text="Each session is limited to two (2) hours and each session may extend the hours of booking on the day of play subjected to availability of court. Each unit is allowed to book a maximum of two (2) court hours per week." checkable="false" checked="false" clickable="false" enabled="true" focusable="false" focused="false" long-clickable="false" password="false" scrollable="false" selected="false" bounds="[168,438][1396,771]" displayed="true" />
                      </android.view.View>
                      <android.view.View index="3" package="com.fermax" class="android.view.View" text="" checkable="false" checked="false" clickable="false" enabled="true" focusable="false" focused="false" long-clickable="false" password="false" scrollable="false" selected="false" bounds="[168,771][1417,1037]" displayed="true">
                        <android.view.View index="0" package="com.fermax" class="android.view.View" text="4. " checkable="false" checked="false" clickable="false" enabled="true" focusable="false" focused="false" long-clickable="false" password="false" scrollable="false" selected="false" bounds="[105,771][171,837]" displayed="true" />
                        <android.widget.TextView index="1" package="com.fermax" class="android.widget.TextView" text="All reservation shall be made online via Iplus App. Reservations shall be made on a first-come-first-served basis subject to the Rules and Regulations stipulated by the Management." checkable="false" checked="false" clickable="false" enabled="true" focusable="false" focused="false" long-clickable="false" password="false" scrollable="false" selected="false" bounds="[168,771][1403,1037]" displayed="true" />
                      </android.view.View>
                      <android.view.View index="4" package="com.fermax" class="android.view.View" text="" checkable="false" checked="false" clickable="false" enabled="true" focusable="false" focused="false" long-clickable="false" password="false" scrollable="false" selected="false" bounds="[168,1033][1417,1632]" displayed="true">
                        <android.view.View index="0" package="com.fermax" class="android.view.View" text="5. " checkable="false" checked="false" clickable="false" enabled="true" focusable="false" focused="false" long-clickable="false" password="false" scrollable="false" selected="false" bounds="[105,1033][171,1103]" displayed="true" />
                        <android.widget.TextView index="1" package="com.fermax" class="android.widget.TextView" text="All bookings are not transferable. Resident who books the court is required to be at the court with their resident card. As the demand for tennis court is high, this will ensure that more residents are able to secure bookings. On-site checks will be conducted to ensure that this is adhered to. Bookings are open to resident ONE week prior to play up to seven (7) days in advance, inclusive of the day of booking." checkable="false" checked="false" clickable="false" enabled="true" focusable="false" focused="false" long-clickable="false" password="false" scrollable="false" selected="false" bounds="[168,1033][1393,1632]" displayed="true" />
                      </android.view.View>
                      <android.view.View index="5" package="com.fermax" class="android.view.View" text="" checkable="false" checked="false" clickable="false" enabled="true" focusable="false" focused="false" long-clickable="false" password="false" scrollable="false" selected="false" bounds="[168,1628][1417,1961]" displayed="true">
                        <android.view.View index="0" package="com.fermax" class="android.view.View" text="6. " checkable="false" checked="false" clickable="false" enabled="true" focusable="false" focused="false" long-clickable="false" password="false" scrollable="false" selected="false" bounds="[105,1628][171,1698]" displayed="true" />
                        <android.widget.TextView index="1" package="com.fermax" class="android.widget.TextView" text="Residents who fail to turn up after two (2) bookings consecutively and without making proper cancellation will be barred from making any booking for a period of one (1) month commencing from the following calendar month." checkable="false" checked="false" clickable="false" enabled="true" focusable="false" focused="false" long-clickable="false" password="false" scrollable="false" selected="false" bounds="[168,1628][1382,1961]" displayed="true" />
                      </android.view.View>
                      <android.view.View index="6" package="com.fermax" class="android.view.View" text="" checkable="false" checked="false" clickable="false" enabled="true" focusable="false" focused="false" long-clickable="false" password="false" scrollable="false" selected="false" bounds="[168,1957][1417,2157]" displayed="true">
                        <android.view.View index="0" package="com.fermax" class="android.view.View" text="7. " checkable="false" checked="false" clickable="false" enabled="true" focusable="false" focused="false" long-clickable="false" password="false" scrollable="false" selected="false" bounds="[105,1957][171,2027]" displayed="true" />
                        <android.widget.TextView index="1" package="com.fermax" class="android.widget.TextView" text="No cancellation will be allowed on the day of play and no refund will be given. Change of booking will be allowed due to rain for tennis court." checkable="false" checked="false" clickable="false" enabled="true" focusable="false" focused="false" long-clickable="false" password="false" scrollable="false" selected="false" bounds="[168,1957][1389,2157]" displayed="true" />
                      </android.view.View>
                      <android.view.View index="7" package="com.fermax" class="android.view.View" text="" checkable="false" checked="false" clickable="false" enabled="true" focusable="false" focused="false" long-clickable="false" password="false" scrollable="false" selected="false" bounds="[168,2157][1417,2290]" displayed="true">
                        <android.view.View index="0" package="com.fermax" class="android.view.View" text="8. " checkable="false" checked="false" clickable="false" enabled="true" focusable="false" focused="false" long-clickable="false" password="false" scrollable="false" selected="false" bounds="[105,2157][171,2223]" displayed="true" />
                        <android.widget.TextView index="1" package="com.fermax" class="android.widget.TextView" text="No person is allowed to use the Court unless prior booking is made." checkable="false" checked="false" clickable="false" enabled="true" focusable="false" focused="false" long-clickable="false" password="false" scrollable="false" selected="false" bounds="[168,2157][1410,2290]" displayed="true" />
                      </android.view.View>
                      <android.view.View index="8" package="com.fermax" class="android.view.View" text="" checkable="false" checked="false" clickable="false" enabled="true" focusable="false" focused="false" long-clickable="false" password="false" scrollable="false" selected="false" bounds="[168,2286][1417,2489]" displayed="true">
                        <android.view.View index="0" package="com.fermax" class="android.view.View" text="9. " checkable="false" checked="false" clickable="false" enabled="true" focusable="false" focused="false" long-clickable="false" password="false" scrollable="false" selected="false" bounds="[105,2286][171,2356]" displayed="true" />
                        <android.widget.TextView index="1" package="com.fermax" class="android.widget.TextView" text="Where a court game has been cancelled due to inclement weather or unforeseen circumstances, a replacement is allowed." checkable="false" checked="false" clickable="false" enabled="true" focusable="false" focused="false" long-clickable="false" password="false" scrollable="false" selected="false" bounds="[168,2286][1382,2489]" displayed="true" />
                      </android.view.View>
                      <android.view.View index="9" package="com.fermax" class="android.view.View" text="" checkable="false" checked="false" clickable="false" enabled="true" focusable="false" focused="false" long-clickable="false" password="false" scrollable="false" selected="false" bounds="[168,2486][1417,2837]" displayed="true">
                        <android.view.View index="0" package="com.fermax" class="android.view.View" text="10. " checkable="false" checked="false" clickable="false" enabled="true" focusable="false" focused="false" long-clickable="false" password="false" scrollable="false" selected="false" bounds="[73,2486][171,2556]" displayed="true" />
                        <android.widget.TextView index="1" package="com.fermax" class="android.widget.TextView" text="Registration of Tennis Coach:" checkable="false" checked="false" clickable="false" enabled="true" focusable="false" focused="false" long-clickable="false" password="false" scrollable="false" selected="false" bounds="[168,2486][913,2556]" displayed="true" />
                        <android.widget.TextView index="3" package="com.fermax" class="android.widget.TextView" text="a)   Private coach shall not give lesson in the court without first obtaining the written consent from the Management Office." checkable="false" checked="false" clickable="false" enabled="true" focusable="false" focused="false" long-clickable="false" password="false" scrollable="false" selected="false" bounds="[168,2552][1351,2752]" displayed="true" />
                        <android.widget.TextView index="5" package="com.fermax" class="android.widget.TextView" text="b)   Coaching lesson shall be allowed subject to Management approval during the following hours:" checkable="false" checked="false" clickable="false" enabled="true" focusable="false" focused="false" long-clickable="false" password="false" scrollable="false" selected="false" bounds="[168,2748][1403,2837]" displayed="true" />
                      </android.view.View>
                    </android.widget.ListView>
                  </android.webkit.WebView>
                </android.webkit.WebView>
              </android.widget.LinearLayout>
              <android.widget.LinearLayout index="2" package="com.fermax" class="android.widget.LinearLayout" text="" resource-id="com.fermax:id/llAgreeButtons" checkable="false" checked="false" clickable="false" enabled="true" focusable="false" focused="false" long-clickable="false" password="false" scrollable="false" selected="false" bounds="[0,2833][1440,3036]" displayed="true">
                <android.widget.Button index="0" package="com.fermax" class="android.widget.Button" text="AGREE" resource-id="com.fermax:id/btnAgree" checkable="false" checked="false" clickable="true" enabled="true" focusable="true" focused="false" long-clickable="false" password="false" scrollable="false" selected="false" bounds="[42,2875][711,2994]" displayed="true" />
                <android.widget.Button index="1" package="com.fermax" class="android.widget.Button" text="DISAGREE" resource-id="com.fermax:id/btnCancel" checkable="false" checked="false" clickable="true" enabled="true" focusable="true" focused="false" long-clickable="false" password="false" scrollable="false" selected="false" bounds="[729,2875][1398,2994]" displayed="true" />
              </android.widget.LinearLayout>
            </android.widget.RelativeLayout>
          </android.widget.FrameLayout>
        </android.widget.LinearLayout>
      </android.widget.FrameLayout>
    </android.widget.LinearLayout>
    <android.view.View index="2" package="com.fermax" class="android.view.View" text="" resource-id="android:id/navigationBarBackground" checkable="false" checked="false" clickable="false" enabled="true" focusable="false" focused="false" long-clickable="false" password="false" scrollable="false" selected="false" bounds="[0,3036][1440,3120]" displayed="true" />
  </android.widget.FrameLayout>
</hierarchy>