<?xml version='1.0' encoding='UTF-8' standalone='yes' ?>
<hierarchy index="0" class="hierarchy" rotation="0" width="1440" height="3036">
  <android.widget.FrameLayout index="0" package="com.fermax" class="android.widget.FrameLayout" text="" checkable="false" checked="false" clickable="false" enabled="true" focusable="false" focused="false" long-clickable="false" password="false" scrollable="false" selected="false" bounds="[0,0][1440,3036]" displayed="true">
    <android.widget.LinearLayout index="0" package="com.fermax" class="android.widget.LinearLayout" text="" checkable="false" checked="false" clickable="false" enabled="true" focusable="false" focused="false" long-clickable="false" password="false" scrollable="false" selected="false" bounds="[0,0][1440,3036]" displayed="true">
      <android.widget.FrameLayout index="0" package="com.fermax" class="android.widget.FrameLayout" text="" checkable="false" checked="false" clickable="false" enabled="true" focusable="false" focused="false" long-clickable="false" password="false" scrollable="false" selected="false" bounds="[0,0][1440,3036]" displayed="true">
        <android.widget.LinearLayout index="0" package="com.fermax" class="android.widget.LinearLayout" text="" resource-id="com.fermax:id/action_bar_root" checkable="false" checked="false" clickable="false" enabled="true" focusable="false" focused="false" long-clickable="false" password="false" scrollable="false" selected="false" bounds="[0,0][1440,3036]" displayed="true">
          <android.widget.FrameLayout index="0" package="com.fermax" class="android.widget.FrameLayout" text="" resource-id="android:id/content" checkable="false" checked="false" clickable="false" enabled="true" focusable="false" focused="false" long-clickable="false" password="false" scrollable="false" selected="false" bounds="[0,0][1440,3036]" displayed="true">
            <android.widget.FrameLayout index="0" package="com.fermax" class="android.widget.FrameLayout" text="" checkable="false" checked="false" clickable="false" enabled="true" focusable="false" focused="false" long-clickable="false" password="false" scrollable="false" selected="false" bounds="[0,0][1440,3036]" displayed="true">
              <android.widget.LinearLayout index="0" package="com.fermax" class="android.widget.LinearLayout" text="" checkable="false" checked="false" clickable="false" enabled="true" focusable="false" focused="false" long-clickable="false" password="false" scrollable="false" selected="false" bounds="[70,1086][1440,1530]" displayed="true">
                <android.widget.ImageView index="0" package="com.fermax" class="android.widget.ImageView" text="" resource-id="com.fermax:id/imvLogo" checkable="false" checked="false" clickable="false" enabled="true" focusable="false" focused="false" long-clickable="false" password="false" scrollable="false" selected="false" bounds="[70,1086][525,1366]" displayed="true" />
                <android.view.View index="1" package="com.fermax" class="android.view.View" text="" checkable="false" checked="false" clickable="false" enabled="true" focusable="false" focused="false" long-clickable="false" password="false" scrollable="false" selected="false" bounds="[70,1415][1440,1419]" displayed="true" />
                <android.widget.TextView index="2" package="com.fermax" class="android.widget.TextView" text="WELCOME" checkable="false" checked="false" clickable="false" enabled="true" focusable="false" focused="false" long-clickable="false" password="false" scrollable="false" selected="false" bounds="[70,1468][323,1530]" displayed="true" />
              </android.widget.LinearLayout>
            </android.widget.FrameLayout>
          </android.widget.FrameLayout>
        </android.widget.LinearLayout>
      </android.widget.FrameLayout>
    </android.widget.LinearLayout>
    <android.view.View index="1" package="com.fermax" class="android.view.View" text="" resource-id="android:id/navigationBarBackground" checkable="false" checked="false" clickable="false" enabled="true" focusable="false" focused="false" long-clickable="false" password="false" scrollable="false" selected="false" bounds="[0,3036][1440,3120]" displayed="true" />
  </android.widget.FrameLayout>
</hierarchy>