<?xml version='1.0' encoding='UTF-8' standalone='yes' ?>
<hierarchy index="0" class="hierarchy" rotation="0" width="1440" height="3036">
  <android.widget.FrameLayout index="0" package="com.fermax" class="android.widget.FrameLayout" text="" checkable="false" checked="false" clickable="false" enabled="true" focusable="false" focused="false" long-clickable="false" password="false" scrollable="false" selected="false" bounds="[0,0][1440,3036]" displayed="true">
    <android.widget.LinearLayout index="0" package="com.fermax" class="android.widget.LinearLayout" text="" checkable="false" checked="false" clickable="false" enabled="true" focusable="false" focused="false" long-clickable="false" password="false" scrollable="false" selected="false" bounds="[0,0][1440,3036]" displayed="true">
      <android.widget.FrameLayout index="0" package="com.fermax" class="android.widget.FrameLayout" text="" checkable="false" checked="false" clickable="false" enabled="true" focusable="false" focused="false" long-clickable="false" password="false" scrollable="false" selected="false" bounds="[0,84][1440,3036]" displayed="true">
        <android.widget.LinearLayout index="0" package="com.fermax" class="android.widget.LinearLayout" text="" resource-id="com.fermax:id/action_bar_root" checkable="false" checked="false" clickable="false" enabled="true" focusable="false" focused="false" long-clickable="false" password="false" scrollable="false" selected="false" bounds="[0,84][1440,3036]" displayed="true">
          <android.widget.FrameLayout index="0" package="com.fermax" class="android.widget.FrameLayout" text="" resource-id="android:id/content" checkable="false" checked="false" clickable="false" enabled="true" focusable="false" focused="false" long-clickable="false" password="false" scrollable="false" selected="false" bounds="[0,84][1440,3036]" displayed="true">
            <android.widget.LinearLayout index="0" package="com.fermax" class="android.widget.LinearLayout" text="" checkable="false" checked="false" clickable="false" enabled="true" focusable="false" focused="false" long-clickable="false" password="false" scrollable="false" selected="false" bounds="[0,84][1440,3036]" displayed="true">
              <android.widget.FrameLayout index="0" package="com.fermax" class="android.widget.FrameLayout" text="" resource-id="com.fermax:id/toolbar" checkable="false" checked="false" clickable="false" enabled="true" focusable="false" focused="false" long-clickable="false" password="false" scrollable="false" selected="false" bounds="[0,84][1440,281]" displayed="true">
                <android.widget.LinearLayout index="0" package="com.fermax" class="android.widget.LinearLayout" text="" checkable="false" checked="false" clickable="false" enabled="true" focusable="false" focused="false" long-clickable="false" password="false" scrollable="false" selected="false" bounds="[0,84][1440,281]" displayed="true">
                  <android.view.ViewGroup index="0" package="com.fermax" class="android.view.ViewGroup" text="" resource-id="com.fermax:id/customToolbar" checkable="false" checked="false" clickable="false" enabled="true" focusable="false" focused="false" long-clickable="false" password="false" scrollable="false" selected="false" bounds="[0,84][1440,280]" displayed="true">
                    <android.widget.ImageButton index="0" package="com.fermax" class="android.widget.ImageButton" text="" content-desc="Navigate up" checkable="false" checked="false" clickable="true" enabled="true" focusable="true" focused="false" long-clickable="false" password="false" scrollable="false" selected="false" bounds="[0,84][196,280]" displayed="true" />
                  </android.view.ViewGroup>
                  <android.view.View index="1" package="com.fermax" class="android.view.View" text="" resource-id="com.fermax:id/toolbar_line" checkable="false" checked="false" clickable="false" enabled="true" focusable="false" focused="false" long-clickable="false" password="false" scrollable="false" selected="false" bounds="[0,280][1440,281]" displayed="true" />
                </android.widget.LinearLayout>
                <android.widget.RelativeLayout index="1" package="com.fermax" class="android.widget.RelativeLayout" text="" checkable="false" checked="false" clickable="false" enabled="true" focusable="false" focused="false" long-clickable="false" password="false" scrollable="false" selected="false" bounds="[154,156][1286,209]" displayed="true">
                  <android.widget.TextView index="0" package="com.fermax" class="android.widget.TextView" text="TENNIS COURT" resource-id="com.fermax:id/tvTitle" checkable="false" checked="false" clickable="false" enabled="true" focusable="false" focused="false" long-clickable="false" password="false" scrollable="false" selected="false" bounds="[154,156][1286,209]" displayed="true" />
                </android.widget.RelativeLayout>
              </android.widget.FrameLayout>
              <android.widget.ScrollView index="1" package="com.fermax" class="android.widget.ScrollView" text="" checkable="false" checked="false" clickable="false" enabled="true" focusable="true" focused="false" long-clickable="false" password="false" scrollable="false" selected="false" bounds="[0,281][1440,2370]" displayed="true">
                <android.widget.LinearLayout index="0" package="com.fermax" class="android.widget.LinearLayout" text="" checkable="false" checked="false" clickable="false" enabled="true" focusable="false" focused="false" long-clickable="false" password="false" scrollable="false" selected="false" bounds="[0,281][1440,2370]" displayed="true">
                  <android.widget.LinearLayout index="0" package="com.fermax" class="android.widget.LinearLayout" text="" checkable="false" checked="false" clickable="false" enabled="true" focusable="false" focused="false" long-clickable="false" password="false" scrollable="false" selected="false" bounds="[0,281][1440,289]" displayed="true">
                    <android.view.View index="0" package="com.fermax" class="android.view.View" text="" checkable="false" checked="false" clickable="false" enabled="true" focusable="false" focused="false" long-clickable="false" password="false" scrollable="false" selected="false" bounds="[0,281][1440,285]" displayed="true" />
                    <android.view.View index="1" package="com.fermax" class="android.view.View" text="" checkable="false" checked="false" clickable="false" enabled="true" focusable="false" focused="false" long-clickable="false" password="false" scrollable="false" selected="false" bounds="[0,285][1440,289]" displayed="true" />
                  </android.widget.LinearLayout>
                  <android.view.View index="1" package="com.fermax" class="android.view.View" text="" checkable="false" checked="false" clickable="false" enabled="true" focusable="false" focused="false" long-clickable="false" password="false" scrollable="false" selected="false" bounds="[0,289][1440,293]" displayed="true" />
                  <android.widget.LinearLayout index="2" package="com.fermax" class="android.widget.LinearLayout" text="" resource-id="com.fermax:id/calendarBookings" checkable="false" checked="false" clickable="false" enabled="true" focusable="false" focused="false" long-clickable="false" password="false" scrollable="false" selected="false" bounds="[0,293][1440,1324]" displayed="true">
                    <android.widget.LinearLayout index="0" package="com.fermax" class="android.widget.LinearLayout" text="" checkable="false" checked="false" clickable="false" enabled="true" focusable="false" focused="false" long-clickable="false" password="false" scrollable="false" selected="false" bounds="[0,293][1440,1324]" displayed="true">
                      <android.widget.LinearLayout index="0" package="com.fermax" class="android.widget.LinearLayout" text="" checkable="false" checked="false" clickable="false" enabled="true" focusable="false" focused="false" long-clickable="false" password="false" scrollable="false" selected="false" bounds="[0,293][1440,437]" displayed="true">
                        <android.widget.Button index="0" package="com.fermax" class="android.widget.Button" text="" resource-id="com.fermax:id/calendar_left_arrow" checkable="false" checked="false" clickable="true" enabled="true" focusable="true" focused="false" long-clickable="false" password="false" scrollable="false" selected="false" bounds="[0,297][154,437]" displayed="true" />
                        <android.widget.TextView index="1" package="com.fermax" class="android.widget.TextView" text="MARCH 2023" resource-id="com.fermax:id/calendar_month_year_textview" checkable="false" checked="false" clickable="false" enabled="true" focusable="false" focused="false" long-clickable="false" password="false" scrollable="false" selected="false" bounds="[154,304][1286,409]" displayed="true" />
                        <android.widget.Button index="2" package="com.fermax" class="android.widget.Button" text="" resource-id="com.fermax:id/calendar_right_arrow" checkable="false" checked="false" clickable="true" enabled="true" focusable="true" focused="false" long-clickable="false" password="false" scrollable="false" selected="false" bounds="[1286,297][1440,437]" displayed="true" />
                      </android.widget.LinearLayout>
                      <android.widget.GridView index="1" package="com.fermax" class="android.widget.GridView" text="" resource-id="com.fermax:id/weekday_gridview" checkable="false" checked="false" clickable="false" enabled="true" focusable="true" focused="false" long-clickable="false" password="false" scrollable="false" selected="false" bounds="[0,437][1440,520]" displayed="true">
                        <android.widget.TextView index="0" package="com.fermax" class="android.widget.TextView" text="SUN" checkable="false" checked="false" clickable="false" enabled="true" focusable="false" focused="false" long-clickable="false" password="false" scrollable="false" selected="false" bounds="[0,437][205,520]" displayed="true" />
                        <android.widget.TextView index="1" package="com.fermax" class="android.widget.TextView" text="MON" checkable="false" checked="false" clickable="false" enabled="true" focusable="false" focused="false" long-clickable="false" password="false" scrollable="false" selected="false" bounds="[205,437][410,520]" displayed="true" />
                        <android.widget.TextView index="2" package="com.fermax" class="android.widget.TextView" text="TUE" checkable="false" checked="false" clickable="false" enabled="true" focusable="false" focused="false" long-clickable="false" password="false" scrollable="false" selected="false" bounds="[410,437][615,520]" displayed="true" />
                        <android.widget.TextView index="3" package="com.fermax" class="android.widget.TextView" text="WED" checkable="false" checked="false" clickable="false" enabled="true" focusable="false" focused="false" long-clickable="false" password="false" scrollable="false" selected="false" bounds="[615,437][820,520]" displayed="true" />
                        <android.widget.TextView index="4" package="com.fermax" class="android.widget.TextView" text="THU" checkable="false" checked="false" clickable="false" enabled="true" focusable="false" focused="false" long-clickable="false" password="false" scrollable="false" selected="false" bounds="[820,437][1025,520]" displayed="true" />
                        <android.widget.TextView index="5" package="com.fermax" class="android.widget.TextView" text="FRI" checkable="false" checked="false" clickable="false" enabled="true" focusable="false" focused="false" long-clickable="false" password="false" scrollable="false" selected="false" bounds="[1025,437][1230,520]" displayed="true" />
                        <android.widget.TextView index="6" package="com.fermax" class="android.widget.TextView" text="SAT" checkable="false" checked="false" clickable="false" enabled="true" focusable="false" focused="false" long-clickable="false" password="false" scrollable="false" selected="false" bounds="[1230,437][1435,520]" displayed="true" />
                      </android.widget.GridView>
                      <androidx.viewpager.widget.ViewPager index="2" package="com.fermax" class="androidx.viewpager.widget.ViewPager" text="" resource-id="com.fermax:id/months_infinite_pager" checkable="false" checked="false" clickable="false" enabled="true" focusable="true" focused="false" long-clickable="false" password="false" scrollable="true" selected="false" bounds="[0,520][1440,1324]" displayed="true">
                        <android.widget.GridView index="1" package="com.fermax" class="android.widget.GridView" text="" checkable="false" checked="false" clickable="false" enabled="true" focusable="true" focused="false" long-clickable="true" password="false" scrollable="false" selected="false" bounds="[0,520][1440,1324]" displayed="true">
                          <android.widget.LinearLayout index="0" package="com.fermax" class="android.widget.LinearLayout" text="" checkable="false" checked="false" clickable="true" enabled="true" focusable="false" focused="false" long-clickable="true" password="false" scrollable="false" selected="false" bounds="[4,524][206,652]" displayed="true" />
                          <android.widget.LinearLayout index="1" package="com.fermax" class="android.widget.LinearLayout" text="" checkable="false" checked="false" clickable="true" enabled="true" focusable="false" focused="false" long-clickable="true" password="false" scrollable="false" selected="false" bounds="[209,524][411,652]" displayed="true" />
                          <android.widget.LinearLayout index="2" package="com.fermax" class="android.widget.LinearLayout" text="" checkable="false" checked="false" clickable="true" enabled="true" focusable="false" focused="false" long-clickable="true" password="false" scrollable="false" selected="false" bounds="[414,524][616,652]" displayed="true" />
                          <android.widget.LinearLayout index="3" package="com.fermax" class="android.widget.LinearLayout" text="" checkable="false" checked="false" clickable="true" enabled="true" focusable="false" focused="false" long-clickable="true" password="false" scrollable="false" selected="false" bounds="[619,524][821,652]" displayed="true">
                            <android.widget.TextView index="0" package="com.fermax" class="android.widget.TextView" text="01" resource-id="com.fermax:id/tvDate" checkable="false" checked="false" clickable="false" enabled="true" focusable="false" focused="false" long-clickable="false" password="false" scrollable="false" selected="false" bounds="[661,524][778,652]" displayed="true" />
                          </android.widget.LinearLayout>
                          <android.widget.LinearLayout index="4" package="com.fermax" class="android.widget.LinearLayout" text="" checkable="false" checked="false" clickable="true" enabled="true" focusable="false" focused="false" long-clickable="true" password="false" scrollable="false" selected="false" bounds="[824,524][1026,652]" displayed="true">
                            <android.widget.TextView index="0" package="com.fermax" class="android.widget.TextView" text="02" resource-id="com.fermax:id/tvDate" checkable="false" checked="false" clickable="false" enabled="true" focusable="false" focused="false" long-clickable="false" password="false" scrollable="false" selected="false" bounds="[860,524][989,652]" displayed="true" />
                          </android.widget.LinearLayout>
                          <android.widget.LinearLayout index="5" package="com.fermax" class="android.widget.LinearLayout" text="" checkable="false" checked="false" clickable="true" enabled="true" focusable="false" focused="false" long-clickable="true" password="false" scrollable="false" selected="false" bounds="[1029,524][1231,652]" displayed="true">
                            <android.widget.TextView index="0" package="com.fermax" class="android.widget.TextView" text="03" resource-id="com.fermax:id/tvDate" checkable="false" checked="false" clickable="false" enabled="true" focusable="false" focused="false" long-clickable="false" password="false" scrollable="false" selected="false" bounds="[1066,524][1193,652]" displayed="true" />
                          </android.widget.LinearLayout>
                          <android.widget.LinearLayout index="6" package="com.fermax" class="android.widget.LinearLayout" text="" checkable="false" checked="false" clickable="true" enabled="true" focusable="false" focused="false" long-clickable="true" password="false" scrollable="false" selected="false" bounds="[1234,524][1436,652]" displayed="true">
                            <android.widget.TextView index="0" package="com.fermax" class="android.widget.TextView" text="04" resource-id="com.fermax:id/tvDate" checkable="false" checked="false" clickable="false" enabled="true" focusable="false" focused="false" long-clickable="false" password="false" scrollable="false" selected="false" bounds="[1271,524][1398,652]" displayed="true" />
                          </android.widget.LinearLayout>
                          <android.widget.LinearLayout index="7" package="com.fermax" class="android.widget.LinearLayout" text="" checkable="false" checked="false" clickable="true" enabled="true" focusable="false" focused="false" long-clickable="true" password="false" scrollable="false" selected="false" bounds="[4,655][206,783]" displayed="true">
                            <android.widget.TextView index="0" package="com.fermax" class="android.widget.TextView" text="05" resource-id="com.fermax:id/tvDate" checkable="false" checked="false" clickable="false" enabled="true" focusable="false" focused="false" long-clickable="false" password="false" scrollable="false" selected="false" bounds="[40,655][169,783]" displayed="true" />
                          </android.widget.LinearLayout>
                          <android.widget.LinearLayout index="8" package="com.fermax" class="android.widget.LinearLayout" text="" checkable="false" checked="false" clickable="true" enabled="true" focusable="false" focused="false" long-clickable="true" password="false" scrollable="false" selected="false" bounds="[209,655][411,783]" displayed="true">
                            <android.widget.TextView index="0" package="com.fermax" class="android.widget.TextView" text="06" resource-id="com.fermax:id/tvDate" checkable="false" checked="false" clickable="false" enabled="true" focusable="false" focused="false" long-clickable="false" password="false" scrollable="false" selected="false" bounds="[245,655][374,783]" displayed="true" />
                          </android.widget.LinearLayout>
                          <android.widget.LinearLayout index="9" package="com.fermax" class="android.widget.LinearLayout" text="" checkable="false" checked="false" clickable="true" enabled="true" focusable="false" focused="false" long-clickable="true" password="false" scrollable="false" selected="false" bounds="[414,655][616,783]" displayed="true">
                            <android.widget.TextView index="0" package="com.fermax" class="android.widget.TextView" text="07" resource-id="com.fermax:id/tvDate" checkable="false" checked="false" clickable="false" enabled="true" focusable="false" focused="false" long-clickable="false" password="false" scrollable="false" selected="false" bounds="[452,655][577,783]" displayed="true" />
                          </android.widget.LinearLayout>
                          <android.widget.LinearLayout index="10" package="com.fermax" class="android.widget.LinearLayout" text="" checkable="false" checked="false" clickable="true" enabled="true" focusable="false" focused="false" long-clickable="true" password="false" scrollable="false" selected="false" bounds="[619,655][821,783]" displayed="true">
                            <android.widget.TextView index="0" package="com.fermax" class="android.widget.TextView" text="08" resource-id="com.fermax:id/tvDate" checkable="false" checked="false" clickable="false" enabled="true" focusable="false" focused="false" long-clickable="false" password="false" scrollable="false" selected="false" bounds="[656,655][784,783]" displayed="true" />
                          </android.widget.LinearLayout>
                          <android.widget.LinearLayout index="11" package="com.fermax" class="android.widget.LinearLayout" text="" checkable="false" checked="false" clickable="true" enabled="true" focusable="false" focused="false" long-clickable="true" password="false" scrollable="false" selected="false" bounds="[824,655][1026,783]" displayed="true">
                            <android.widget.TextView index="0" package="com.fermax" class="android.widget.TextView" text="09" resource-id="com.fermax:id/tvDate" checkable="false" checked="false" clickable="false" enabled="true" focusable="false" focused="false" long-clickable="false" password="false" scrollable="false" selected="false" bounds="[860,655][989,783]" displayed="true" />
                          </android.widget.LinearLayout>
                          <android.widget.LinearLayout index="12" package="com.fermax" class="android.widget.LinearLayout" text="" checkable="false" checked="false" clickable="true" enabled="true" focusable="false" focused="false" long-clickable="true" password="false" scrollable="false" selected="false" bounds="[1029,655][1231,783]" displayed="true">
                            <android.widget.TextView index="0" package="com.fermax" class="android.widget.TextView" text="10" resource-id="com.fermax:id/tvDate" checkable="false" checked="false" clickable="false" enabled="true" focusable="false" focused="false" long-clickable="false" password="false" scrollable="false" selected="false" bounds="[1071,655][1188,783]" displayed="true" />
                          </android.widget.LinearLayout>
                          <android.widget.LinearLayout index="13" package="com.fermax" class="android.widget.LinearLayout" text="" checkable="false" checked="false" clickable="true" enabled="true" focusable="false" focused="false" long-clickable="true" password="false" scrollable="false" selected="false" bounds="[1234,655][1436,783]" displayed="true">
                            <android.widget.TextView index="0" package="com.fermax" class="android.widget.TextView" text="11" resource-id="com.fermax:id/tvDate" checkable="false" checked="false" clickable="false" enabled="true" focusable="false" focused="false" long-clickable="false" password="false" scrollable="false" selected="false" bounds="[1283,655][1387,783]" displayed="true" />
                          </android.widget.LinearLayout>
                          <android.widget.LinearLayout index="14" package="com.fermax" class="android.widget.LinearLayout" text="" checkable="false" checked="false" clickable="true" enabled="true" focusable="false" focused="false" long-clickable="true" password="false" scrollable="false" selected="false" bounds="[4,786][206,914]" displayed="true">
                            <android.widget.TextView index="0" package="com.fermax" class="android.widget.TextView" text="12" resource-id="com.fermax:id/tvDate" checkable="false" checked="false" clickable="false" enabled="true" focusable="false" focused="false" long-clickable="false" password="false" scrollable="false" selected="false" bounds="[47,786][163,914]" displayed="true" />
                          </android.widget.LinearLayout>
                          <android.widget.LinearLayout index="15" package="com.fermax" class="android.widget.LinearLayout" text="" checkable="false" checked="false" clickable="true" enabled="true" focusable="false" focused="false" long-clickable="true" password="false" scrollable="false" selected="false" bounds="[209,786][411,914]" displayed="true">
                            <android.widget.TextView index="0" package="com.fermax" class="android.widget.TextView" text="13" resource-id="com.fermax:id/tvDate" checkable="false" checked="false" clickable="false" enabled="true" focusable="false" focused="false" long-clickable="false" password="false" scrollable="false" selected="false" bounds="[253,786][367,914]" displayed="true" />
                          </android.widget.LinearLayout>
                          <android.widget.LinearLayout index="16" package="com.fermax" class="android.widget.LinearLayout" text="" checkable="false" checked="false" clickable="true" enabled="true" focusable="false" focused="false" long-clickable="true" password="false" scrollable="false" selected="false" bounds="[414,786][616,914]" displayed="true">
                            <android.widget.TextView index="0" package="com.fermax" class="android.widget.TextView" text="14" resource-id="com.fermax:id/tvDate" checkable="false" checked="false" clickable="false" enabled="true" focusable="false" focused="false" long-clickable="false" password="false" scrollable="false" selected="false" bounds="[458,786][572,914]" displayed="true" />
                          </android.widget.LinearLayout>
                          <android.widget.LinearLayout index="17" package="com.fermax" class="android.widget.LinearLayout" text="" checkable="false" checked="false" clickable="true" enabled="true" focusable="false" focused="false" long-clickable="true" password="false" scrollable="false" selected="false" bounds="[619,786][821,914]" displayed="true">
                            <android.widget.TextView index="0" package="com.fermax" class="android.widget.TextView" text="15" resource-id="com.fermax:id/tvDate" checkable="false" checked="false" clickable="false" enabled="true" focusable="false" focused="false" long-clickable="false" password="false" scrollable="false" selected="false" bounds="[662,786][778,914]" displayed="true" />
                          </android.widget.LinearLayout>
                          <android.widget.LinearLayout index="18" package="com.fermax" class="android.widget.LinearLayout" text="" checkable="false" checked="false" clickable="true" enabled="true" focusable="false" focused="false" long-clickable="true" password="false" scrollable="false" selected="false" bounds="[824,786][1026,914]" displayed="true">
                            <android.widget.TextView index="0" package="com.fermax" class="android.widget.TextView" text="16" resource-id="com.fermax:id/tvDate" checkable="false" checked="false" clickable="false" enabled="true" focusable="false" focused="false" long-clickable="false" password="false" scrollable="false" selected="false" bounds="[867,786][983,914]" displayed="true" />
                          </android.widget.LinearLayout>
                          <android.widget.LinearLayout index="19" package="com.fermax" class="android.widget.LinearLayout" text="" checkable="false" checked="false" clickable="true" enabled="true" focusable="false" focused="false" long-clickable="true" password="false" scrollable="false" selected="false" bounds="[1029,786][1231,914]" displayed="true">
                            <android.widget.TextView index="0" package="com.fermax" class="android.widget.TextView" text="17" resource-id="com.fermax:id/tvDate" checkable="false" checked="false" clickable="false" enabled="true" focusable="false" focused="false" long-clickable="false" password="false" scrollable="false" selected="false" bounds="[1074,786][1186,914]" displayed="true" />
                          </android.widget.LinearLayout>
                          <android.widget.LinearLayout index="20" package="com.fermax" class="android.widget.LinearLayout" text="" checkable="false" checked="false" clickable="true" enabled="true" focusable="false" focused="false" long-clickable="true" password="false" scrollable="false" selected="false" bounds="[1234,786][1436,914]" displayed="true">
                            <android.widget.TextView index="0" package="com.fermax" class="android.widget.TextView" text="18" resource-id="com.fermax:id/tvDate" checkable="false" checked="false" clickable="false" enabled="true" focusable="false" focused="false" long-clickable="false" password="false" scrollable="false" selected="false" bounds="[1277,786][1392,914]" displayed="true" />
                          </android.widget.LinearLayout>
                          <android.widget.LinearLayout index="21" package="com.fermax" class="android.widget.LinearLayout" text="" checkable="false" checked="false" clickable="true" enabled="true" focusable="false" focused="false" long-clickable="true" password="false" scrollable="false" selected="false" bounds="[4,917][206,1045]" displayed="true">
                            <android.widget.TextView index="0" package="com.fermax" class="android.widget.TextView" text="19" resource-id="com.fermax:id/tvDate" checkable="false" checked="false" clickable="false" enabled="true" focusable="false" focused="false" long-clickable="false" password="false" scrollable="false" selected="false" bounds="[47,917][163,1045]" displayed="true" />
                          </android.widget.LinearLayout>
                          <android.widget.LinearLayout index="22" package="com.fermax" class="android.widget.LinearLayout" text="" checkable="false" checked="false" clickable="true" enabled="true" focusable="false" focused="false" long-clickable="true" password="false" scrollable="false" selected="false" bounds="[209,917][411,1045]" displayed="true">
                            <android.widget.TextView index="0" package="com.fermax" class="android.widget.TextView" text="20" resource-id="com.fermax:id/tvDate" checkable="false" checked="false" clickable="false" enabled="true" focusable="false" focused="false" long-clickable="false" password="false" scrollable="false" selected="false" bounds="[245,917][374,1045]" displayed="true" />
                          </android.widget.LinearLayout>
                          <android.widget.LinearLayout index="23" package="com.fermax" class="android.widget.LinearLayout" text="" checkable="false" checked="false" clickable="true" enabled="true" focusable="false" focused="false" long-clickable="true" password="false" scrollable="false" selected="false" bounds="[414,917][616,1045]" displayed="true">
                            <android.widget.TextView index="0" package="com.fermax" class="android.widget.TextView" text="21" resource-id="com.fermax:id/tvDate" checkable="false" checked="false" clickable="false" enabled="true" focusable="false" focused="false" long-clickable="false" password="false" scrollable="false" selected="false" bounds="[457,917][573,1045]" displayed="true" />
                          </android.widget.LinearLayout>
                          <android.widget.LinearLayout index="24" package="com.fermax" class="android.widget.LinearLayout" text="" checkable="false" checked="false" clickable="true" enabled="true" focusable="false" focused="false" long-clickable="true" password="false" scrollable="false" selected="false" bounds="[619,917][821,1045]" displayed="true">
                            <android.widget.TextView index="0" package="com.fermax" class="android.widget.TextView" text="22" resource-id="com.fermax:id/tvDate" checkable="false" checked="false" clickable="false" enabled="true" focusable="false" focused="false" long-clickable="false" password="false" scrollable="false" selected="false" bounds="[656,917][784,1045]" displayed="true" />
                          </android.widget.LinearLayout>
                          <android.widget.LinearLayout index="25" package="com.fermax" class="android.widget.LinearLayout" text="" checkable="false" checked="false" clickable="true" enabled="true" focusable="false" focused="false" long-clickable="true" password="false" scrollable="false" selected="false" bounds="[824,917][1026,1045]" displayed="true">
                            <android.widget.TextView index="0" package="com.fermax" class="android.widget.TextView" text="23" resource-id="com.fermax:id/tvDate" checkable="false" checked="false" clickable="false" enabled="true" focusable="false" focused="false" long-clickable="false" password="false" scrollable="false" selected="false" bounds="[862,917][988,1045]" displayed="true" />
                          </android.widget.LinearLayout>
                          <android.widget.LinearLayout index="26" package="com.fermax" class="android.widget.LinearLayout" text="" checkable="false" checked="false" clickable="true" enabled="true" focusable="false" focused="false" long-clickable="true" password="false" scrollable="false" selected="false" bounds="[1029,917][1231,1045]" displayed="true">
                            <android.widget.TextView index="0" package="com.fermax" class="android.widget.TextView" text="24" resource-id="com.fermax:id/tvDate" checkable="false" checked="false" clickable="false" enabled="true" focusable="false" focused="false" long-clickable="false" password="false" scrollable="false" selected="false" bounds="[1067,917][1193,1045]" displayed="true" />
                          </android.widget.LinearLayout>
                          <android.widget.LinearLayout index="27" package="com.fermax" class="android.widget.LinearLayout" text="" checkable="false" checked="false" clickable="true" enabled="true" focusable="false" focused="false" long-clickable="true" password="false" scrollable="false" selected="false" bounds="[1234,917][1436,1045]" displayed="true">
                            <android.widget.TextView index="0" package="com.fermax" class="android.widget.TextView" text="25" resource-id="com.fermax:id/tvDate" checkable="false" checked="false" clickable="false" enabled="true" focusable="false" focused="false" long-clickable="false" password="false" scrollable="false" selected="false" bounds="[1271,917][1399,1045]" displayed="true" />
                          </android.widget.LinearLayout>
                          <android.widget.LinearLayout index="28" package="com.fermax" class="android.widget.LinearLayout" text="" checkable="false" checked="false" clickable="true" enabled="true" focusable="false" focused="false" long-clickable="true" password="false" scrollable="false" selected="false" bounds="[4,1048][206,1176]" displayed="true">
                            <android.widget.TextView index="0" package="com.fermax" class="android.widget.TextView" text="26" resource-id="com.fermax:id/tvDate" checkable="false" checked="false" clickable="false" enabled="true" focusable="false" focused="false" long-clickable="false" password="false" scrollable="false" selected="false" bounds="[41,1048][169,1176]" displayed="true" />
                          </android.widget.LinearLayout>
                          <android.widget.LinearLayout index="29" package="com.fermax" class="android.widget.LinearLayout" text="" checkable="false" checked="false" clickable="true" enabled="true" focusable="false" focused="false" long-clickable="true" password="false" scrollable="false" selected="false" bounds="[209,1048][411,1176]" displayed="true">
                            <android.widget.TextView index="0" package="com.fermax" class="android.widget.TextView" text="27" resource-id="com.fermax:id/tvDate" checkable="false" checked="false" clickable="false" enabled="true" focusable="false" focused="false" long-clickable="false" password="false" scrollable="false" selected="false" bounds="[248,1048][372,1176]" displayed="true" />
                          </android.widget.LinearLayout>
                          <android.widget.LinearLayout index="30" package="com.fermax" class="android.widget.LinearLayout" text="" checkable="false" checked="false" clickable="true" enabled="true" focusable="false" focused="false" long-clickable="true" password="false" scrollable="false" selected="false" bounds="[414,1048][616,1176]" displayed="true">
                            <android.widget.TextView index="0" package="com.fermax" class="android.widget.TextView" text="28" resource-id="com.fermax:id/tvDate" checkable="false" checked="false" clickable="false" enabled="true" focusable="false" focused="false" long-clickable="false" password="false" scrollable="false" selected="false" bounds="[451,1048][578,1176]" displayed="true" />
                          </android.widget.LinearLayout>
                          <android.widget.LinearLayout index="31" package="com.fermax" class="android.widget.LinearLayout" text="" checkable="false" checked="false" clickable="true" enabled="true" focusable="false" focused="false" long-clickable="true" password="false" scrollable="false" selected="false" bounds="[619,1048][821,1176]" displayed="true">
                            <android.widget.TextView index="0" package="com.fermax" class="android.widget.TextView" text="29" resource-id="com.fermax:id/tvDate" checkable="false" checked="false" clickable="false" enabled="true" focusable="false" focused="false" long-clickable="false" password="false" scrollable="false" selected="false" bounds="[656,1048][784,1176]" displayed="true" />
                          </android.widget.LinearLayout>
                          <android.widget.LinearLayout index="32" package="com.fermax" class="android.widget.LinearLayout" text="" checkable="false" checked="false" clickable="true" enabled="true" focusable="false" focused="false" long-clickable="true" password="false" scrollable="false" selected="false" bounds="[824,1048][1026,1176]" displayed="true">
                            <android.widget.TextView index="0" package="com.fermax" class="android.widget.TextView" text="30" resource-id="com.fermax:id/tvDate" checkable="false" checked="false" clickable="false" enabled="true" focusable="false" focused="false" long-clickable="false" password="false" scrollable="false" selected="false" bounds="[861,1048][988,1176]" displayed="true" />
                          </android.widget.LinearLayout>
                          <android.widget.LinearLayout index="33" package="com.fermax" class="android.widget.LinearLayout" text="" checkable="false" checked="false" clickable="true" enabled="true" focusable="false" focused="false" long-clickable="true" password="false" scrollable="false" selected="false" bounds="[1029,1048][1231,1176]" displayed="true">
                            <android.widget.TextView index="0" package="com.fermax" class="android.widget.TextView" text="31" resource-id="com.fermax:id/tvDate" checkable="false" checked="false" clickable="false" enabled="true" focusable="false" focused="false" long-clickable="false" password="false" scrollable="false" selected="false" bounds="[1073,1048][1187,1176]" displayed="true" />
                          </android.widget.LinearLayout>
                          <android.widget.LinearLayout index="34" package="com.fermax" class="android.widget.LinearLayout" text="" checkable="false" checked="false" clickable="true" enabled="true" focusable="false" focused="false" long-clickable="true" password="false" scrollable="false" selected="false" bounds="[1234,1048][1436,1176]" displayed="true" />
                          <android.widget.LinearLayout index="35" package="com.fermax" class="android.widget.LinearLayout" text="" checkable="false" checked="false" clickable="true" enabled="true" focusable="false" focused="false" long-clickable="true" password="false" scrollable="false" selected="false" bounds="[4,1179][206,1307]" displayed="true" />
                          <android.widget.LinearLayout index="36" package="com.fermax" class="android.widget.LinearLayout" text="" checkable="false" checked="false" clickable="true" enabled="true" focusable="false" focused="false" long-clickable="true" password="false" scrollable="false" selected="false" bounds="[209,1179][411,1307]" displayed="true" />
                          <android.widget.LinearLayout index="37" package="com.fermax" class="android.widget.LinearLayout" text="" checkable="false" checked="false" clickable="true" enabled="true" focusable="false" focused="false" long-clickable="true" password="false" scrollable="false" selected="false" bounds="[414,1179][616,1307]" displayed="true" />
                          <android.widget.LinearLayout index="38" package="com.fermax" class="android.widget.LinearLayout" text="" checkable="false" checked="false" clickable="true" enabled="true" focusable="false" focused="false" long-clickable="true" password="false" scrollable="false" selected="false" bounds="[619,1179][821,1307]" displayed="true" />
                          <android.widget.LinearLayout index="39" package="com.fermax" class="android.widget.LinearLayout" text="" checkable="false" checked="false" clickable="true" enabled="true" focusable="false" focused="false" long-clickable="true" password="false" scrollable="false" selected="false" bounds="[824,1179][1026,1307]" displayed="true" />
                          <android.widget.LinearLayout index="40" package="com.fermax" class="android.widget.LinearLayout" text="" checkable="false" checked="false" clickable="true" enabled="true" focusable="false" focused="false" long-clickable="true" password="false" scrollable="false" selected="false" bounds="[1029,1179][1231,1307]" displayed="true" />
                          <android.widget.LinearLayout index="41" package="com.fermax" class="android.widget.LinearLayout" text="" checkable="false" checked="false" clickable="true" enabled="true" focusable="false" focused="false" long-clickable="true" password="false" scrollable="false" selected="false" bounds="[1234,1179][1436,1307]" displayed="true" />
                        </android.widget.GridView>
                      </androidx.viewpager.widget.ViewPager>
                    </android.widget.LinearLayout>
                  </android.widget.LinearLayout>
                  <android.widget.LinearLayout index="3" package="com.fermax" class="android.widget.LinearLayout" text="" resource-id="com.fermax:id/llLegendsCell" checkable="false" checked="false" clickable="false" enabled="true" focusable="false" focused="false" long-clickable="false" password="false" scrollable="false" selected="false" bounds="[0,1352][1440,1506]" displayed="true">
                    <android.widget.LinearLayout index="0" package="com.fermax" class="android.widget.LinearLayout" text="" resource-id="com.fermax:id/llLegend" checkable="false" checked="false" clickable="false" enabled="true" focusable="false" focused="false" long-clickable="false" password="false" scrollable="false" selected="false" bounds="[0,1352][1440,1506]" displayed="true">
                      <android.widget.HorizontalScrollView index="0" package="com.fermax" class="android.widget.HorizontalScrollView" text="" resource-id="com.fermax:id/hsv" checkable="false" checked="false" clickable="false" enabled="true" focusable="true" focused="false" long-clickable="false" password="false" scrollable="false" selected="false" bounds="[0,1352][1440,1506]" displayed="true">
                        <android.widget.LinearLayout index="0" package="com.fermax" class="android.widget.LinearLayout" text="" resource-id="com.fermax:id/llLegends" checkable="false" checked="false" clickable="false" enabled="true" focusable="false" focused="false" long-clickable="false" password="false" scrollable="false" selected="false" bounds="[0,1387][1440,1471]" displayed="true">
                          <android.widget.LinearLayout index="0" package="com.fermax" class="android.widget.LinearLayout" text="" checkable="false" checked="false" clickable="false" enabled="true" focusable="false" focused="false" long-clickable="false" password="false" scrollable="false" selected="false" bounds="[147,1387][561,1471]" displayed="true">
                            <android.widget.ImageView index="0" package="com.fermax" class="android.widget.ImageView" text="" resource-id="com.fermax:id/ivStatus" checkable="false" checked="false" clickable="false" enabled="true" focusable="false" focused="false" long-clickable="false" password="false" scrollable="false" selected="false" bounds="[165,1402][218,1455]" displayed="true" />
                            <android.widget.TextView index="1" package="com.fermax" class="android.widget.TextView" text="Not Available" resource-id="com.fermax:id/tvStatus" checkable="false" checked="false" clickable="false" enabled="true" focusable="false" focused="false" long-clickable="false" password="false" scrollable="false" selected="false" bounds="[246,1400][533,1458]" displayed="true" />
                          </android.widget.LinearLayout>
                          <android.widget.LinearLayout index="1" package="com.fermax" class="android.widget.LinearLayout" text="" checkable="false" checked="false" clickable="false" enabled="true" focusable="false" focused="false" long-clickable="false" password="false" scrollable="false" selected="false" bounds="[561,1387][969,1471]" displayed="true">
                            <android.widget.ImageView index="0" package="com.fermax" class="android.widget.ImageView" text="" resource-id="com.fermax:id/ivStatus" checkable="false" checked="false" clickable="false" enabled="true" focusable="false" focused="false" long-clickable="false" password="false" scrollable="false" selected="false" bounds="[579,1402][632,1455]" displayed="true" />
                            <android.widget.TextView index="1" package="com.fermax" class="android.widget.TextView" text="Fully Booked" resource-id="com.fermax:id/tvStatus" checkable="false" checked="false" clickable="false" enabled="true" focusable="false" focused="false" long-clickable="false" password="false" scrollable="false" selected="false" bounds="[660,1400][941,1458]" displayed="true" />
                          </android.widget.LinearLayout>
                          <android.widget.LinearLayout index="2" package="com.fermax" class="android.widget.LinearLayout" text="" checkable="false" checked="false" clickable="false" enabled="true" focusable="false" focused="false" long-clickable="false" password="false" scrollable="false" selected="false" bounds="[969,1387][1293,1471]" displayed="true">
                            <android.widget.ImageView index="0" package="com.fermax" class="android.widget.ImageView" text="" resource-id="com.fermax:id/ivStatus" checkable="false" checked="false" clickable="false" enabled="true" focusable="false" focused="false" long-clickable="false" password="false" scrollable="false" selected="false" bounds="[987,1402][1040,1455]" displayed="true" />
                            <android.widget.TextView index="1" package="com.fermax" class="android.widget.TextView" text="Available" resource-id="com.fermax:id/tvStatus" checkable="false" checked="false" clickable="false" enabled="true" focusable="false" focused="false" long-clickable="false" password="false" scrollable="false" selected="false" bounds="[1068,1400][1265,1458]" displayed="true" />
                          </android.widget.LinearLayout>
                        </android.widget.LinearLayout>
                      </android.widget.HorizontalScrollView>
                    </android.widget.LinearLayout>
                  </android.widget.LinearLayout>
                  <android.widget.ImageView index="4" package="com.fermax" class="android.widget.ImageView" text="" resource-id="com.fermax:id/ivCalendarImages" checkable="false" checked="false" clickable="true" enabled="true" focusable="true" focused="false" long-clickable="false" password="false" scrollable="false" selected="false" bounds="[0,1506][1440,2370]" displayed="true" />
                </android.widget.LinearLayout>
              </android.widget.ScrollView>
            </android.widget.LinearLayout>
          </android.widget.FrameLayout>
        </android.widget.LinearLayout>
      </android.widget.FrameLayout>
    </android.widget.LinearLayout>
    <android.view.View index="2" package="com.fermax" class="android.view.View" text="" resource-id="android:id/navigationBarBackground" checkable="false" checked="false" clickable="false" enabled="true" focusable="false" focused="false" long-clickable="false" password="false" scrollable="false" selected="false" bounds="[0,3036][1440,3120]" displayed="true" />
  </android.widget.FrameLayout>
</hierarchy>