<?xml version='1.0' encoding='UTF-8' standalone='yes' ?>
<hierarchy index="0" class="hierarchy" rotation="0" width="1440" height="3036">
  <android.widget.FrameLayout index="0" package="com.fermax" class="android.widget.FrameLayout" text="" checkable="false" checked="false" clickable="false" enabled="true" focusable="false" focused="false" long-clickable="false" password="false" scrollable="false" selected="false" bounds="[0,0][1440,3036]" displayed="true">
    <android.widget.LinearLayout index="0" package="com.fermax" class="android.widget.LinearLayout" text="" checkable="false" checked="false" clickable="false" enabled="true" focusable="false" focused="false" long-clickable="false" password="false" scrollable="false" selected="false" bounds="[0,0][1440,3036]" displayed="true">
      <android.widget.FrameLayout index="0" package="com.fermax" class="android.widget.FrameLayout" text="" checkable="false" checked="false" clickable="false" enabled="true" focusable="false" focused="false" long-clickable="false" password="false" scrollable="false" selected="false" bounds="[0,84][1440,3036]" displayed="true">
        <android.widget.LinearLayout index="0" package="com.fermax" class="android.widget.LinearLayout" text="" resource-id="com.fermax:id/action_bar_root" checkable="false" checked="false" clickable="false" enabled="true" focusable="false" focused="false" long-clickable="false" password="false" scrollable="false" selected="false" bounds="[0,84][1440,3036]" displayed="true">
          <android.widget.FrameLayout index="0" package="com.fermax" class="android.widget.FrameLayout" text="" resource-id="android:id/content" checkable="false" checked="false" clickable="false" enabled="true" focusable="false" focused="false" long-clickable="false" password="false" scrollable="false" selected="false" bounds="[0,84][1440,3036]" displayed="true">
            <android.widget.LinearLayout index="0" package="com.fermax" class="android.widget.LinearLayout" text="" checkable="false" checked="false" clickable="false" enabled="true" focusable="false" focused="false" long-clickable="false" password="false" scrollable="false" selected="false" bounds="[0,84][1440,3036]" displayed="true">
              <android.widget.FrameLayout index="0" package="com.fermax" class="android.widget.FrameLayout" text="" resource-id="com.fermax:id/toolbar" checkable="false" checked="false" clickable="false" enabled="true" focusable="false" focused="false" long-clickable="false" password="false" scrollable="false" selected="false" bounds="[0,84][1440,281]" displayed="true">
                <android.widget.LinearLayout index="0" package="com.fermax" class="android.widget.LinearLayout" text="" checkable="false" checked="false" clickable="false" enabled="true" focusable="false" focused="false" long-clickable="false" password="false" scrollable="false" selected="false" bounds="[0,84][1440,281]" displayed="true">
                  <android.view.ViewGroup index="0" package="com.fermax" class="android.view.ViewGroup" text="" resource-id="com.fermax:id/customToolbar" checkable="false" checked="false" clickable="false" enabled="true" focusable="false" focused="false" long-clickable="false" password="false" scrollable="false" selected="false" bounds="[0,84][1440,280]" displayed="true">
                    <android.widget.ImageButton index="0" package="com.fermax" class="android.widget.ImageButton" text="" content-desc="Navigate up" checkable="false" checked="false" clickable="true" enabled="true" focusable="true" focused="false" long-clickable="false" password="false" scrollable="false" selected="false" bounds="[0,84][196,280]" displayed="true" />
                  </android.view.ViewGroup>
                  <android.view.View index="1" package="com.fermax" class="android.view.View" text="" resource-id="com.fermax:id/toolbar_line" checkable="false" checked="false" clickable="false" enabled="true" focusable="false" focused="false" long-clickable="false" password="false" scrollable="false" selected="false" bounds="[0,280][1440,281]" displayed="true" />
                </android.widget.LinearLayout>
                <android.widget.RelativeLayout index="1" package="com.fermax" class="android.widget.RelativeLayout" text="" checkable="false" checked="false" clickable="false" enabled="true" focusable="false" focused="false" long-clickable="false" password="false" scrollable="false" selected="false" bounds="[154,156][1286,209]" displayed="true">
                  <android.widget.TextView index="0" package="com.fermax" class="android.widget.TextView" text="TENNIS COURT" resource-id="com.fermax:id/tvTitle" checkable="false" checked="false" clickable="false" enabled="true" focusable="false" focused="false" long-clickable="false" password="false" scrollable="false" selected="false" bounds="[154,156][1286,209]" displayed="true" />
                </android.widget.RelativeLayout>
              </android.widget.FrameLayout>
              <android.widget.LinearLayout index="1" package="com.fermax" class="android.widget.LinearLayout" text="" checkable="false" checked="false" clickable="false" enabled="true" focusable="false" focused="false" long-clickable="false" password="false" scrollable="false" selected="false" bounds="[0,281][1440,649]" displayed="true">
                <android.widget.LinearLayout index="0" package="com.fermax" class="android.widget.LinearLayout" text="" resource-id="com.fermax:id/llCalendar" checkable="false" checked="false" clickable="false" enabled="true" focusable="false" focused="false" long-clickable="false" password="false" scrollable="false" selected="false" bounds="[0,281][1440,491]" displayed="true">
                  <android.widget.HorizontalScrollView index="0" package="com.fermax" class="android.widget.HorizontalScrollView" text="" checkable="false" checked="false" clickable="false" enabled="true" focusable="true" focused="false" long-clickable="false" password="false" scrollable="true" selected="false" bounds="[0,281][1440,491]" displayed="true">
                    <android.widget.LinearLayout index="0" package="com.fermax" class="android.widget.LinearLayout" text="" checkable="false" checked="false" clickable="false" enabled="true" focusable="false" focused="false" long-clickable="false" password="false" scrollable="false" selected="false" bounds="[0,281][1440,491]" displayed="true">
                      <android.widget.LinearLayout index="0" package="com.fermax" class="android.widget.LinearLayout" text="" checkable="false" checked="false" clickable="false" enabled="true" focusable="false" focused="false" long-clickable="false" password="false" scrollable="false" selected="false" bounds="[0,281][1440,491]" displayed="true">
                        <android.widget.LinearLayout index="0" package="com.fermax" class="android.widget.LinearLayout" text="" resource-id="com.fermax:id/days_container" checkable="false" checked="false" clickable="false" enabled="true" focusable="false" focused="false" long-clickable="false" password="false" scrollable="false" selected="false" bounds="[0,281][1440,491]" displayed="true">
                          <android.widget.LinearLayout index="21" package="com.fermax" class="android.widget.LinearLayout" text="" checkable="false" checked="false" clickable="true" enabled="true" focusable="true" focused="false" long-clickable="false" password="false" scrollable="false" selected="false" bounds="[0,281][40,491]" displayed="true">
                            <android.widget.LinearLayout index="0" package="com.fermax" class="android.widget.LinearLayout" text="" resource-id="com.fermax:id/ll_day_layout" checkable="false" checked="false" clickable="false" enabled="true" focusable="false" focused="false" long-clickable="false" password="false" scrollable="false" selected="false" bounds="[0,281][40,491]" displayed="true">
                              <android.widget.TextView index="0" package="com.fermax" class="android.widget.TextView" text="WED" resource-id="com.fermax:id/day_of_week" checkable="false" checked="false" clickable="false" enabled="true" focusable="false" focused="false" long-clickable="false" password="false" scrollable="false" selected="false" bounds="[0,281][40,385]" displayed="true" />
                              <android.widget.TextView index="1" package="com.fermax" class="android.widget.TextView" text="22" resource-id="com.fermax:id/day_number" checkable="false" checked="false" clickable="false" enabled="true" focusable="false" focused="false" long-clickable="false" password="false" scrollable="false" selected="false" bounds="[0,385][40,491]" displayed="true" />
                            </android.widget.LinearLayout>
                          </android.widget.LinearLayout>
                          <android.widget.LinearLayout index="22" package="com.fermax" class="android.widget.LinearLayout" text="" checkable="false" checked="false" clickable="true" enabled="true" focusable="true" focused="false" long-clickable="false" password="false" scrollable="false" selected="false" bounds="[40,281][215,491]" displayed="true">
                            <android.widget.LinearLayout index="0" package="com.fermax" class="android.widget.LinearLayout" text="" resource-id="com.fermax:id/ll_day_layout" checkable="false" checked="false" clickable="false" enabled="true" focusable="false" focused="false" long-clickable="false" password="false" scrollable="false" selected="false" bounds="[40,281][215,491]" displayed="true">
                              <android.widget.TextView index="0" package="com.fermax" class="android.widget.TextView" text="THU" resource-id="com.fermax:id/day_of_week" checkable="false" checked="false" clickable="false" enabled="true" focusable="false" focused="false" long-clickable="false" password="false" scrollable="false" selected="false" bounds="[40,281][215,385]" displayed="true" />
                              <android.widget.TextView index="1" package="com.fermax" class="android.widget.TextView" text="23" resource-id="com.fermax:id/day_number" checkable="false" checked="false" clickable="false" enabled="true" focusable="false" focused="false" long-clickable="false" password="false" scrollable="false" selected="false" bounds="[40,385][215,491]" displayed="true" />
                            </android.widget.LinearLayout>
                          </android.widget.LinearLayout>
                          <android.widget.LinearLayout index="23" package="com.fermax" class="android.widget.LinearLayout" text="" checkable="false" checked="false" clickable="true" enabled="true" focusable="true" focused="false" long-clickable="false" password="false" scrollable="false" selected="false" bounds="[215,281][390,491]" displayed="true">
                            <android.widget.LinearLayout index="0" package="com.fermax" class="android.widget.LinearLayout" text="" resource-id="com.fermax:id/ll_day_layout" checkable="false" checked="false" clickable="false" enabled="true" focusable="false" focused="false" long-clickable="false" password="false" scrollable="false" selected="false" bounds="[215,281][390,491]" displayed="true">
                              <android.widget.TextView index="0" package="com.fermax" class="android.widget.TextView" text="FRI" resource-id="com.fermax:id/day_of_week" checkable="false" checked="false" clickable="false" enabled="true" focusable="false" focused="false" long-clickable="false" password="false" scrollable="false" selected="false" bounds="[215,281][390,385]" displayed="true" />
                              <android.widget.TextView index="1" package="com.fermax" class="android.widget.TextView" text="24" resource-id="com.fermax:id/day_number" checkable="false" checked="false" clickable="false" enabled="true" focusable="false" focused="false" long-clickable="false" password="false" scrollable="false" selected="false" bounds="[215,385][390,491]" displayed="true" />
                            </android.widget.LinearLayout>
                          </android.widget.LinearLayout>
                          <android.widget.LinearLayout index="24" package="com.fermax" class="android.widget.LinearLayout" text="" checkable="false" checked="false" clickable="true" enabled="true" focusable="true" focused="false" long-clickable="false" password="false" scrollable="false" selected="false" bounds="[390,281][565,491]" displayed="true">
                            <android.widget.LinearLayout index="0" package="com.fermax" class="android.widget.LinearLayout" text="" resource-id="com.fermax:id/ll_day_layout" checkable="false" checked="false" clickable="false" enabled="true" focusable="false" focused="false" long-clickable="false" password="false" scrollable="false" selected="false" bounds="[390,281][565,491]" displayed="true">
                              <android.widget.TextView index="0" package="com.fermax" class="android.widget.TextView" text="SAT" resource-id="com.fermax:id/day_of_week" checkable="false" checked="false" clickable="false" enabled="true" focusable="false" focused="false" long-clickable="false" password="false" scrollable="false" selected="false" bounds="[390,281][565,385]" displayed="true" />
                              <android.widget.TextView index="1" package="com.fermax" class="android.widget.TextView" text="25" resource-id="com.fermax:id/day_number" checkable="false" checked="false" clickable="false" enabled="true" focusable="false" focused="false" long-clickable="false" password="false" scrollable="false" selected="false" bounds="[390,385][565,491]" displayed="true" />
                            </android.widget.LinearLayout>
                          </android.widget.LinearLayout>
                          <android.widget.LinearLayout index="25" package="com.fermax" class="android.widget.LinearLayout" text="" checkable="false" checked="false" clickable="true" enabled="true" focusable="true" focused="false" long-clickable="false" password="false" scrollable="false" selected="false" bounds="[565,281][740,491]" displayed="true">
                            <android.widget.LinearLayout index="0" package="com.fermax" class="android.widget.LinearLayout" text="" resource-id="com.fermax:id/ll_day_layout" checkable="false" checked="false" clickable="false" enabled="true" focusable="false" focused="false" long-clickable="false" password="false" scrollable="false" selected="false" bounds="[565,281][740,491]" displayed="true">
                              <android.widget.TextView index="0" package="com.fermax" class="android.widget.TextView" text="SUN" resource-id="com.fermax:id/day_of_week" checkable="false" checked="false" clickable="false" enabled="true" focusable="false" focused="false" long-clickable="false" password="false" scrollable="false" selected="false" bounds="[565,281][740,385]" displayed="true" />
                              <android.widget.TextView index="1" package="com.fermax" class="android.widget.TextView" text="26" resource-id="com.fermax:id/day_number" checkable="false" checked="false" clickable="false" enabled="true" focusable="false" focused="false" long-clickable="false" password="false" scrollable="false" selected="false" bounds="[565,385][740,491]" displayed="true" />
                            </android.widget.LinearLayout>
                          </android.widget.LinearLayout>
                          <android.widget.LinearLayout index="26" package="com.fermax" class="android.widget.LinearLayout" text="" checkable="false" checked="false" clickable="true" enabled="true" focusable="true" focused="false" long-clickable="false" password="false" scrollable="false" selected="false" bounds="[740,281][915,491]" displayed="true">
                            <android.widget.LinearLayout index="0" package="com.fermax" class="android.widget.LinearLayout" text="" resource-id="com.fermax:id/ll_day_layout" checkable="false" checked="false" clickable="false" enabled="true" focusable="false" focused="false" long-clickable="false" password="false" scrollable="false" selected="false" bounds="[740,281][915,491]" displayed="true">
                              <android.widget.TextView index="0" package="com.fermax" class="android.widget.TextView" text="MON" resource-id="com.fermax:id/day_of_week" checkable="false" checked="false" clickable="false" enabled="true" focusable="false" focused="false" long-clickable="false" password="false" scrollable="false" selected="false" bounds="[740,281][915,385]" displayed="true" />
                              <android.widget.TextView index="1" package="com.fermax" class="android.widget.TextView" text="27" resource-id="com.fermax:id/day_number" checkable="false" checked="false" clickable="false" enabled="true" focusable="false" focused="false" long-clickable="false" password="false" scrollable="false" selected="false" bounds="[740,385][915,491]" displayed="true" />
                            </android.widget.LinearLayout>
                          </android.widget.LinearLayout>
                          <android.widget.LinearLayout index="27" package="com.fermax" class="android.widget.LinearLayout" text="" checkable="false" checked="false" clickable="true" enabled="true" focusable="true" focused="false" long-clickable="false" password="false" scrollable="false" selected="false" bounds="[915,281][1090,491]" displayed="true">
                            <android.widget.LinearLayout index="0" package="com.fermax" class="android.widget.LinearLayout" text="" resource-id="com.fermax:id/ll_day_layout" checkable="false" checked="false" clickable="false" enabled="true" focusable="false" focused="false" long-clickable="false" password="false" scrollable="false" selected="false" bounds="[915,281][1090,491]" displayed="true">
                              <android.widget.TextView index="0" package="com.fermax" class="android.widget.TextView" text="TUE" resource-id="com.fermax:id/day_of_week" checkable="false" checked="false" clickable="false" enabled="true" focusable="false" focused="false" long-clickable="false" password="false" scrollable="false" selected="false" bounds="[915,281][1090,385]" displayed="true" />
                              <android.widget.TextView index="1" package="com.fermax" class="android.widget.TextView" text="28" resource-id="com.fermax:id/day_number" checkable="false" checked="false" clickable="false" enabled="true" focusable="false" focused="false" long-clickable="false" password="false" scrollable="false" selected="false" bounds="[915,385][1090,491]" displayed="true" />
                            </android.widget.LinearLayout>
                          </android.widget.LinearLayout>
                          <android.widget.LinearLayout index="28" package="com.fermax" class="android.widget.LinearLayout" text="" checkable="false" checked="false" clickable="true" enabled="true" focusable="true" focused="false" long-clickable="false" password="false" scrollable="false" selected="false" bounds="[1090,281][1265,491]" displayed="true">
                            <android.widget.LinearLayout index="0" package="com.fermax" class="android.widget.LinearLayout" text="" resource-id="com.fermax:id/ll_day_layout" checkable="false" checked="false" clickable="false" enabled="true" focusable="false" focused="false" long-clickable="false" password="false" scrollable="false" selected="false" bounds="[1090,281][1265,491]" displayed="true">
                              <android.widget.TextView index="0" package="com.fermax" class="android.widget.TextView" text="WED" resource-id="com.fermax:id/day_of_week" checkable="false" checked="false" clickable="false" enabled="true" focusable="false" focused="false" long-clickable="false" password="false" scrollable="false" selected="false" bounds="[1090,281][1265,385]" displayed="true" />
                              <android.widget.TextView index="1" package="com.fermax" class="android.widget.TextView" text="29" resource-id="com.fermax:id/day_number" checkable="false" checked="false" clickable="false" enabled="true" focusable="false" focused="false" long-clickable="false" password="false" scrollable="false" selected="false" bounds="[1090,385][1265,491]" displayed="true" />
                            </android.widget.LinearLayout>
                          </android.widget.LinearLayout>
                          <android.widget.LinearLayout index="29" package="com.fermax" class="android.widget.LinearLayout" text="" checkable="false" checked="false" clickable="true" enabled="true" focusable="true" focused="false" long-clickable="false" password="false" scrollable="false" selected="false" bounds="[1265,281][1440,491]" displayed="true">
                            <android.widget.LinearLayout index="0" package="com.fermax" class="android.widget.LinearLayout" text="" resource-id="com.fermax:id/ll_day_layout" checkable="false" checked="false" clickable="false" enabled="true" focusable="false" focused="false" long-clickable="false" password="false" scrollable="false" selected="false" bounds="[1265,281][1440,491]" displayed="true">
                              <android.widget.TextView index="0" package="com.fermax" class="android.widget.TextView" text="THU" resource-id="com.fermax:id/day_of_week" checkable="false" checked="false" clickable="false" enabled="true" focusable="false" focused="false" long-clickable="false" password="false" scrollable="false" selected="false" bounds="[1265,281][1440,385]" displayed="true" />
                              <android.widget.TextView index="1" package="com.fermax" class="android.widget.TextView" text="30" resource-id="com.fermax:id/day_number" checkable="false" checked="false" clickable="false" enabled="true" focusable="false" focused="false" long-clickable="false" password="false" scrollable="false" selected="false" bounds="[1265,385][1440,491]" displayed="true" />
                            </android.widget.LinearLayout>
                          </android.widget.LinearLayout>
                        </android.widget.LinearLayout>
                      </android.widget.LinearLayout>
                    </android.widget.LinearLayout>
                  </android.widget.HorizontalScrollView>
                </android.widget.LinearLayout>
                <android.view.View index="1" package="com.fermax" class="android.view.View" text="" checkable="false" checked="false" clickable="false" enabled="true" focusable="false" focused="false" long-clickable="false" password="false" scrollable="false" selected="false" bounds="[0,491][1440,495]" displayed="true" />
                <android.widget.LinearLayout index="2" package="com.fermax" class="android.widget.LinearLayout" text="" resource-id="com.fermax:id/llLegendsCell" checkable="false" checked="false" clickable="false" enabled="true" focusable="false" focused="false" long-clickable="false" password="false" scrollable="false" selected="false" bounds="[0,495][1440,649]" displayed="true">
                  <android.widget.LinearLayout index="0" package="com.fermax" class="android.widget.LinearLayout" text="" resource-id="com.fermax:id/llLegend" checkable="false" checked="false" clickable="false" enabled="true" focusable="false" focused="false" long-clickable="false" password="false" scrollable="false" selected="false" bounds="[0,495][1440,649]" displayed="true">
                    <android.widget.HorizontalScrollView index="0" package="com.fermax" class="android.widget.HorizontalScrollView" text="" resource-id="com.fermax:id/hsv" checkable="false" checked="false" clickable="false" enabled="true" focusable="true" focused="false" long-clickable="false" password="false" scrollable="false" selected="false" bounds="[0,495][1440,649]" displayed="true">
                      <android.widget.LinearLayout index="0" package="com.fermax" class="android.widget.LinearLayout" text="" resource-id="com.fermax:id/llLegends" checkable="false" checked="false" clickable="false" enabled="true" focusable="false" focused="false" long-clickable="false" password="false" scrollable="false" selected="false" bounds="[0,530][1440,614]" displayed="true">
                        <android.widget.LinearLayout index="0" package="com.fermax" class="android.widget.LinearLayout" text="" checkable="false" checked="false" clickable="false" enabled="true" focusable="false" focused="false" long-clickable="false" password="false" scrollable="false" selected="false" bounds="[334,530][765,614]" displayed="true">
                          <android.widget.ImageView index="0" package="com.fermax" class="android.widget.ImageView" text="" resource-id="com.fermax:id/ivStatus" checkable="false" checked="false" clickable="false" enabled="true" focusable="false" focused="false" long-clickable="false" password="false" scrollable="false" selected="false" bounds="[352,554][422,589]" displayed="true" />
                          <android.widget.TextView index="1" package="com.fermax" class="android.widget.TextView" text="Not Available" resource-id="com.fermax:id/tvStatus" checkable="false" checked="false" clickable="false" enabled="true" focusable="false" focused="false" long-clickable="false" password="false" scrollable="false" selected="false" bounds="[450,543][737,601]" displayed="true" />
                        </android.widget.LinearLayout>
                        <android.widget.LinearLayout index="1" package="com.fermax" class="android.widget.LinearLayout" text="" checkable="false" checked="false" clickable="false" enabled="true" focusable="false" focused="false" long-clickable="false" password="false" scrollable="false" selected="false" bounds="[765,530][1106,614]" displayed="true">
                          <android.widget.ImageView index="0" package="com.fermax" class="android.widget.ImageView" text="" resource-id="com.fermax:id/ivStatus" checkable="false" checked="false" clickable="false" enabled="true" focusable="false" focused="false" long-clickable="false" password="false" scrollable="false" selected="false" bounds="[783,554][853,589]" displayed="true" />
                          <android.widget.TextView index="1" package="com.fermax" class="android.widget.TextView" text="Available" resource-id="com.fermax:id/tvStatus" checkable="false" checked="false" clickable="false" enabled="true" focusable="false" focused="false" long-clickable="false" password="false" scrollable="false" selected="false" bounds="[881,543][1078,601]" displayed="true" />
                        </android.widget.LinearLayout>
                      </android.widget.LinearLayout>
                    </android.widget.HorizontalScrollView>
                  </android.widget.LinearLayout>
                </android.widget.LinearLayout>
              </android.widget.LinearLayout>
              <android.widget.LinearLayout index="2" package="com.fermax" class="android.widget.LinearLayout" text="" checkable="false" checked="false" clickable="false" enabled="true" focusable="false" focused="false" long-clickable="false" password="false" scrollable="false" selected="false" bounds="[0,649][1440,657]" displayed="true">
                <android.view.View index="0" package="com.fermax" class="android.view.View" text="" checkable="false" checked="false" clickable="false" enabled="true" focusable="false" focused="false" long-clickable="false" password="false" scrollable="false" selected="false" bounds="[0,649][1440,653]" displayed="true" />
                <android.view.View index="1" package="com.fermax" class="android.view.View" text="" checkable="false" checked="false" clickable="false" enabled="true" focusable="false" focused="false" long-clickable="false" password="false" scrollable="false" selected="false" bounds="[0,653][1440,657]" displayed="true" />
              </android.widget.LinearLayout>
              <android.widget.ListView index="3" package="com.fermax" class="android.widget.ListView" text="" resource-id="com.fermax:id/lvAmenitiesWithSlots" checkable="false" checked="false" clickable="false" enabled="true" focusable="true" focused="false" long-clickable="false" password="false" scrollable="false" selected="false" bounds="[0,657][1440,3036]" displayed="true">
                <android.widget.LinearLayout index="0" package="com.fermax" class="android.widget.LinearLayout" text="" checkable="false" checked="false" clickable="false" enabled="true" focusable="false" focused="false" long-clickable="false" password="false" scrollable="false" selected="false" bounds="[0,657][1440,1412]" displayed="true">
                  <android.widget.TextView index="0" package="com.fermax" class="android.widget.TextView" text="Tennis Court" resource-id="com.fermax:id/tvAmenityTitle" checkable="false" checked="false" clickable="false" enabled="true" focusable="false" focused="false" long-clickable="false" password="false" scrollable="false" selected="false" bounds="[21,678][1419,780]" displayed="true" />
                  <android.widget.GridView index="1" package="com.fermax" class="android.widget.GridView" text="" resource-id="com.fermax:id/gvSlots" checkable="false" checked="false" clickable="false" enabled="true" focusable="true" focused="false" long-clickable="false" password="false" scrollable="false" selected="false" bounds="[21,798][1419,1391]" displayed="true">
                    <android.widget.LinearLayout index="0" package="com.fermax" class="android.widget.LinearLayout" text="" checkable="false" checked="false" clickable="true" enabled="true" focusable="false" focused="false" long-clickable="false" password="false" scrollable="false" selected="false" bounds="[21,798][331,913]" displayed="true">
                      <android.widget.LinearLayout index="0" package="com.fermax" class="android.widget.LinearLayout" text="" resource-id="com.fermax:id/llSlotMain" checkable="false" checked="false" clickable="false" enabled="false" focusable="false" focused="false" long-clickable="false" password="false" scrollable="false" selected="false" bounds="[21,798][331,913]" displayed="true">
                        <android.widget.TextView index="0" package="com.fermax" class="android.widget.TextView" text="07:00 AM" resource-id="com.fermax:id/tvSlot" checkable="false" checked="false" clickable="false" enabled="false" focusable="false" focused="false" long-clickable="false" password="false" scrollable="false" selected="false" bounds="[36,813][316,898]" displayed="true" />
                      </android.widget.LinearLayout>
                    </android.widget.LinearLayout>
                    <android.widget.LinearLayout index="1" package="com.fermax" class="android.widget.LinearLayout" text="" checkable="false" checked="false" clickable="true" enabled="true" focusable="false" focused="false" long-clickable="false" password="false" scrollable="false" selected="false" bounds="[374,798][684,913]" displayed="true">
                      <android.widget.LinearLayout index="0" package="com.fermax" class="android.widget.LinearLayout" text="" resource-id="com.fermax:id/llSlotMain" checkable="false" checked="false" clickable="false" enabled="false" focusable="false" focused="false" long-clickable="false" password="false" scrollable="false" selected="false" bounds="[374,798][684,913]" displayed="true">
                        <android.widget.TextView index="0" package="com.fermax" class="android.widget.TextView" text="08:00 AM" resource-id="com.fermax:id/tvSlot" checkable="false" checked="false" clickable="false" enabled="false" focusable="false" focused="false" long-clickable="false" password="false" scrollable="false" selected="false" bounds="[389,813][669,898]" displayed="true" />
                      </android.widget.LinearLayout>
                    </android.widget.LinearLayout>
                    <android.widget.LinearLayout index="2" package="com.fermax" class="android.widget.LinearLayout" text="" checkable="false" checked="false" clickable="true" enabled="true" focusable="false" focused="false" long-clickable="false" password="false" scrollable="false" selected="false" bounds="[727,798][1037,913]" displayed="true">
                      <android.widget.LinearLayout index="0" package="com.fermax" class="android.widget.LinearLayout" text="" resource-id="com.fermax:id/llSlotMain" checkable="false" checked="false" clickable="false" enabled="false" focusable="false" focused="false" long-clickable="false" password="false" scrollable="false" selected="false" bounds="[727,798][1037,913]" displayed="true">
                        <android.widget.TextView index="0" package="com.fermax" class="android.widget.TextView" text="09:00 AM" resource-id="com.fermax:id/tvSlot" checkable="false" checked="false" clickable="false" enabled="false" focusable="false" focused="false" long-clickable="false" password="false" scrollable="false" selected="false" bounds="[742,813][1022,898]" displayed="true" />
                      </android.widget.LinearLayout>
                    </android.widget.LinearLayout>
                    <android.widget.LinearLayout index="3" package="com.fermax" class="android.widget.LinearLayout" text="" checkable="false" checked="false" clickable="true" enabled="true" focusable="false" focused="false" long-clickable="false" password="false" scrollable="false" selected="false" bounds="[1080,798][1390,913]" displayed="true">
                      <android.widget.LinearLayout index="0" package="com.fermax" class="android.widget.LinearLayout" text="" resource-id="com.fermax:id/llSlotMain" checkable="false" checked="false" clickable="false" enabled="false" focusable="false" focused="false" long-clickable="false" password="false" scrollable="false" selected="false" bounds="[1080,798][1390,913]" displayed="true">
                        <android.widget.TextView index="0" package="com.fermax" class="android.widget.TextView" text="10:00 AM" resource-id="com.fermax:id/tvSlot" checkable="false" checked="false" clickable="false" enabled="false" focusable="false" focused="false" long-clickable="false" password="false" scrollable="false" selected="false" bounds="[1095,813][1375,898]" displayed="true" />
                      </android.widget.LinearLayout>
                    </android.widget.LinearLayout>
                    <android.widget.LinearLayout index="4" package="com.fermax" class="android.widget.LinearLayout" text="" checkable="false" checked="false" clickable="true" enabled="true" focusable="false" focused="false" long-clickable="false" password="false" scrollable="false" selected="false" bounds="[21,948][331,1063]" displayed="true">
                      <android.widget.LinearLayout index="0" package="com.fermax" class="android.widget.LinearLayout" text="" resource-id="com.fermax:id/llSlotMain" checkable="false" checked="false" clickable="false" enabled="false" focusable="false" focused="false" long-clickable="false" password="false" scrollable="false" selected="false" bounds="[21,948][331,1063]" displayed="true">
                        <android.widget.TextView index="0" package="com.fermax" class="android.widget.TextView" text="11:00 AM" resource-id="com.fermax:id/tvSlot" checkable="false" checked="false" clickable="false" enabled="false" focusable="false" focused="false" long-clickable="false" password="false" scrollable="false" selected="false" bounds="[36,963][316,1048]" displayed="true" />
                      </android.widget.LinearLayout>
                    </android.widget.LinearLayout>
                    <android.widget.LinearLayout index="5" package="com.fermax" class="android.widget.LinearLayout" text="" checkable="false" checked="false" clickable="true" enabled="true" focusable="false" focused="false" long-clickable="false" password="false" scrollable="false" selected="false" bounds="[374,948][684,1063]" displayed="true">
                      <android.widget.LinearLayout index="0" package="com.fermax" class="android.widget.LinearLayout" text="" resource-id="com.fermax:id/llSlotMain" checkable="false" checked="false" clickable="false" enabled="true" focusable="false" focused="false" long-clickable="false" password="false" scrollable="false" selected="false" bounds="[374,948][684,1063]" displayed="true">
                        <android.widget.TextView index="0" package="com.fermax" class="android.widget.TextView" text="12:00 PM" resource-id="com.fermax:id/tvSlot" checkable="false" checked="false" clickable="false" enabled="true" focusable="false" focused="false" long-clickable="false" password="false" scrollable="false" selected="false" bounds="[389,963][669,1048]" displayed="true" />
                      </android.widget.LinearLayout>
                    </android.widget.LinearLayout>
                    <android.widget.LinearLayout index="6" package="com.fermax" class="android.widget.LinearLayout" text="" checkable="false" checked="false" clickable="true" enabled="true" focusable="false" focused="false" long-clickable="false" password="false" scrollable="false" selected="false" bounds="[727,948][1037,1063]" displayed="true">
                      <android.widget.LinearLayout index="0" package="com.fermax" class="android.widget.LinearLayout" text="" resource-id="com.fermax:id/llSlotMain" checkable="false" checked="false" clickable="false" enabled="false" focusable="false" focused="false" long-clickable="false" password="false" scrollable="false" selected="false" bounds="[727,948][1037,1063]" displayed="true">
                        <android.widget.TextView index="0" package="com.fermax" class="android.widget.TextView" text="01:00 PM" resource-id="com.fermax:id/tvSlot" checkable="false" checked="false" clickable="false" enabled="false" focusable="false" focused="false" long-clickable="false" password="false" scrollable="false" selected="false" bounds="[742,963][1022,1048]" displayed="true" />
                      </android.widget.LinearLayout>
                    </android.widget.LinearLayout>
                    <android.widget.LinearLayout index="7" package="com.fermax" class="android.widget.LinearLayout" text="" checkable="false" checked="false" clickable="true" enabled="true" focusable="false" focused="false" long-clickable="false" password="false" scrollable="false" selected="false" bounds="[1080,948][1390,1063]" displayed="true">
                      <android.widget.LinearLayout index="0" package="com.fermax" class="android.widget.LinearLayout" text="" resource-id="com.fermax:id/llSlotMain" checkable="false" checked="false" clickable="false" enabled="true" focusable="false" focused="false" long-clickable="false" password="false" scrollable="false" selected="false" bounds="[1080,948][1390,1063]" displayed="true">
                        <android.widget.TextView index="0" package="com.fermax" class="android.widget.TextView" text="02:00 PM" resource-id="com.fermax:id/tvSlot" checkable="false" checked="false" clickable="false" enabled="true" focusable="false" focused="false" long-clickable="false" password="false" scrollable="false" selected="false" bounds="[1095,963][1375,1048]" displayed="true" />
                      </android.widget.LinearLayout>
                    </android.widget.LinearLayout>
                    <android.widget.LinearLayout index="8" package="com.fermax" class="android.widget.LinearLayout" text="" checkable="false" checked="false" clickable="true" enabled="true" focusable="false" focused="false" long-clickable="false" password="false" scrollable="false" selected="false" bounds="[21,1098][331,1213]" displayed="true">
                      <android.widget.LinearLayout index="0" package="com.fermax" class="android.widget.LinearLayout" text="" resource-id="com.fermax:id/llSlotMain" checkable="false" checked="false" clickable="false" enabled="true" focusable="false" focused="false" long-clickable="false" password="false" scrollable="false" selected="false" bounds="[21,1098][331,1213]" displayed="true">
                        <android.widget.TextView index="0" package="com.fermax" class="android.widget.TextView" text="03:00 PM" resource-id="com.fermax:id/tvSlot" checkable="false" checked="false" clickable="false" enabled="true" focusable="false" focused="false" long-clickable="false" password="false" scrollable="false" selected="false" bounds="[36,1113][316,1198]" displayed="true" />
                      </android.widget.LinearLayout>
                    </android.widget.LinearLayout>
                    <android.widget.LinearLayout index="9" package="com.fermax" class="android.widget.LinearLayout" text="" checkable="false" checked="false" clickable="true" enabled="true" focusable="false" focused="false" long-clickable="false" password="false" scrollable="false" selected="false" bounds="[374,1098][684,1213]" displayed="true">
                      <android.widget.LinearLayout index="0" package="com.fermax" class="android.widget.LinearLayout" text="" resource-id="com.fermax:id/llSlotMain" checkable="false" checked="false" clickable="false" enabled="true" focusable="false" focused="false" long-clickable="false" password="false" scrollable="false" selected="false" bounds="[374,1098][684,1213]" displayed="true">
                        <android.widget.TextView index="0" package="com.fermax" class="android.widget.TextView" text="04:00 PM" resource-id="com.fermax:id/tvSlot" checkable="false" checked="false" clickable="false" enabled="true" focusable="false" focused="false" long-clickable="false" password="false" scrollable="false" selected="false" bounds="[389,1113][669,1198]" displayed="true" />
                      </android.widget.LinearLayout>
                    </android.widget.LinearLayout>
                    <android.widget.LinearLayout index="10" package="com.fermax" class="android.widget.LinearLayout" text="" checkable="false" checked="false" clickable="true" enabled="true" focusable="false" focused="false" long-clickable="false" password="false" scrollable="false" selected="false" bounds="[727,1098][1037,1213]" displayed="true">
                      <android.widget.LinearLayout index="0" package="com.fermax" class="android.widget.LinearLayout" text="" resource-id="com.fermax:id/llSlotMain" checkable="false" checked="false" clickable="false" enabled="false" focusable="false" focused="false" long-clickable="false" password="false" scrollable="false" selected="false" bounds="[727,1098][1037,1213]" displayed="true">
                        <android.widget.TextView index="0" package="com.fermax" class="android.widget.TextView" text="05:00 PM" resource-id="com.fermax:id/tvSlot" checkable="false" checked="false" clickable="false" enabled="false" focusable="false" focused="false" long-clickable="false" password="false" scrollable="false" selected="false" bounds="[742,1113][1022,1198]" displayed="true" />
                      </android.widget.LinearLayout>
                    </android.widget.LinearLayout>
                    <android.widget.LinearLayout index="11" package="com.fermax" class="android.widget.LinearLayout" text="" checkable="false" checked="false" clickable="true" enabled="true" focusable="false" focused="false" long-clickable="false" password="false" scrollable="false" selected="false" bounds="[1080,1098][1390,1213]" displayed="true">
                      <android.widget.LinearLayout index="0" package="com.fermax" class="android.widget.LinearLayout" text="" resource-id="com.fermax:id/llSlotMain" checkable="false" checked="false" clickable="false" enabled="false" focusable="false" focused="false" long-clickable="false" password="false" scrollable="false" selected="false" bounds="[1080,1098][1390,1213]" displayed="true">
                        <android.widget.TextView index="0" package="com.fermax" class="android.widget.TextView" text="06:00 PM" resource-id="com.fermax:id/tvSlot" checkable="false" checked="false" clickable="false" enabled="false" focusable="false" focused="false" long-clickable="false" password="false" scrollable="false" selected="false" bounds="[1095,1113][1375,1198]" displayed="true" />
                      </android.widget.LinearLayout>
                    </android.widget.LinearLayout>
                    <android.widget.LinearLayout index="12" package="com.fermax" class="android.widget.LinearLayout" text="" checkable="false" checked="false" clickable="true" enabled="true" focusable="false" focused="false" long-clickable="false" password="false" scrollable="false" selected="false" bounds="[21,1248][331,1363]" displayed="true">
                      <android.widget.LinearLayout index="0" package="com.fermax" class="android.widget.LinearLayout" text="" resource-id="com.fermax:id/llSlotMain" checkable="false" checked="false" clickable="false" enabled="false" focusable="false" focused="false" long-clickable="false" password="false" scrollable="false" selected="false" bounds="[21,1248][331,1363]" displayed="true">
                        <android.widget.TextView index="0" package="com.fermax" class="android.widget.TextView" text="07:00 PM" resource-id="com.fermax:id/tvSlot" checkable="false" checked="false" clickable="false" enabled="false" focusable="false" focused="false" long-clickable="false" password="false" scrollable="false" selected="false" bounds="[36,1263][316,1348]" displayed="true" />
                      </android.widget.LinearLayout>
                    </android.widget.LinearLayout>
                    <android.widget.LinearLayout index="13" package="com.fermax" class="android.widget.LinearLayout" text="" checkable="false" checked="false" clickable="true" enabled="true" focusable="false" focused="false" long-clickable="false" password="false" scrollable="false" selected="false" bounds="[374,1248][684,1363]" displayed="true">
                      <android.widget.LinearLayout index="0" package="com.fermax" class="android.widget.LinearLayout" text="" resource-id="com.fermax:id/llSlotMain" checkable="false" checked="false" clickable="false" enabled="false" focusable="false" focused="false" long-clickable="false" password="false" scrollable="false" selected="false" bounds="[374,1248][684,1363]" displayed="true">
                        <android.widget.TextView index="0" package="com.fermax" class="android.widget.TextView" text="08:00 PM" resource-id="com.fermax:id/tvSlot" checkable="false" checked="false" clickable="false" enabled="false" focusable="false" focused="false" long-clickable="false" password="false" scrollable="false" selected="false" bounds="[389,1263][669,1348]" displayed="true" />
                      </android.widget.LinearLayout>
                    </android.widget.LinearLayout>
                    <android.widget.LinearLayout index="14" package="com.fermax" class="android.widget.LinearLayout" text="" checkable="false" checked="false" clickable="true" enabled="true" focusable="false" focused="false" long-clickable="false" password="false" scrollable="false" selected="false" bounds="[727,1248][1037,1363]" displayed="true">
                      <android.widget.LinearLayout index="0" package="com.fermax" class="android.widget.LinearLayout" text="" resource-id="com.fermax:id/llSlotMain" checkable="false" checked="false" clickable="false" enabled="false" focusable="false" focused="false" long-clickable="false" password="false" scrollable="false" selected="false" bounds="[727,1248][1037,1363]" displayed="true">
                        <android.widget.TextView index="0" package="com.fermax" class="android.widget.TextView" text="09:00 PM" resource-id="com.fermax:id/tvSlot" checkable="false" checked="false" clickable="false" enabled="false" focusable="false" focused="false" long-clickable="false" password="false" scrollable="false" selected="false" bounds="[742,1263][1022,1348]" displayed="true" />
                      </android.widget.LinearLayout>
                    </android.widget.LinearLayout>
                  </android.widget.GridView>
                </android.widget.LinearLayout>
              </android.widget.ListView>
            </android.widget.LinearLayout>
          </android.widget.FrameLayout>
        </android.widget.LinearLayout>
      </android.widget.FrameLayout>
    </android.widget.LinearLayout>
    <android.view.View index="2" package="com.fermax" class="android.view.View" text="" resource-id="android:id/navigationBarBackground" checkable="false" checked="false" clickable="false" enabled="true" focusable="false" focused="false" long-clickable="false" password="false" scrollable="false" selected="false" bounds="[0,3036][1440,3120]" displayed="true" />
  </android.widget.FrameLayout>
</hierarchy>